Марка;Модель;Категория;Поколение (autocentrum);Наше поколение;Есть на autocentrum;Названия;Варианты;Годы;Кузова (autocentrum);У нас;Ссылка;Вывод
Audi;A3;коробка+;8P (2003–2013);8P;бензин 1.6 102 KM;;"механика 5 / передний; автомат 7 / передний";;Cabriolet, Sportback, Hatchback 3d;коробка не указана;https://www.autocentrum.pl/dane-techniczne/audi/a3/8p/cabriolet/silnik-benzynowy-1.6-102km-2008-2010/;
Audi;A3;коробка+;8P (2003–2013);8P;дизель 1.9 105 KM;TDI / TDI e;"механика 5 / передний; автомат 6 / передний";;Sportback, Hatchback 3d;коробка не указана;https://www.autocentrum.pl/dane-techniczne/audi/a3/8p/sportback/silnik-diesla-1.9-tdi-105km-2004-2010/;
Audi;A4;коробка+;B8 (2007–2015);B8;бензин 1.8 120 KM;TFSI;"автомат / передний; автомат 6 / передний";;Avant Facelifting, Limousine Facelifting, Avant, Limousine;коробка не указана;https://www.autocentrum.pl/dane-techniczne/audi/a4/b8/avant-facelifting/silnik-benzynowy-1.8-tfsi-120km-od-2012/;
Audi;A4;коробка+;B8 (2007–2015);B8;бензин 2.0 211 KM;TFSI / TFSi;"автомат / передний; автомат / полный; автомат 7 / полный";;Avant Facelifting, Allroad quattro Facelifting, Limousine Facelifting, Avant, Allroad quattro, Limousine;коробка не указана;https://www.autocentrum.pl/dane-techniczne/audi/a4/b8/avant-facelifting/silnik-benzynowy-2.0-tfsi-211km-2012-2013/;
Audi;A4;коробка+;B8 (2007–2015);B8;дизель 2.0 143 KM;TDI;"автомат 8 / передний; автомат / передний";;Avant Facelifting, Limousine Facelifting, Avant, Limousine;коробка не указана;https://www.autocentrum.pl/dane-techniczne/audi/a4/b8/avant-facelifting/silnik-diesla-2.0-tdi-143km-2012-2013/;
Audi;A4;коробка+;B8 (2007–2015);B8;бензин 1.8 160 KM;TFSI;"механика 6 / передний; механика 6 / полный; автомат 8 / передний; механика 6 / привод ?; автомат / привод ?";;Avant, Limousine;коробка не указана;https://www.autocentrum.pl/dane-techniczne/audi/a4/b8/avant/silnik-benzynowy-1.8-tfsi-160km-2008-2011/;
Audi;A4;коробка+;B8 (2007–2015);B8;дизель 2.0 170 KM;TDI;"механика 6 / передний; автомат / передний";;Avant, Limousine;коробка не указана;https://www.autocentrum.pl/dane-techniczne/audi/a4/b8/avant/silnik-diesla-2.0-tdi-170km-2008-2011/;
Audi;A4;коробка+;B8 (2007–2015);B8;дизель 2.7 190 KM;TDI;"механика 6 / передний; автомат / передний; автомат 8 / передний";;Avant, Limousine;коробка не указана;https://www.autocentrum.pl/dane-techniczne/audi/a4/b8/avant/silnik-diesla-2.7-tdi-190km-2008-2011/;
Audi;A4;коробка+;B8 (2007–2015);B8;дизель 3.0 240 KM;TDI;механика 6 / полный;;Avant, Allroad quattro, Limousine;коробка не указана;https://www.autocentrum.pl/dane-techniczne/audi/a4/b8/avant/silnik-diesla-3.0-tdi-240km-2008-2011/;
Audi;A5;коробка+;8T (2007–2016);8T;бензин 1.8 170 KM;TFSI;"механика 6 / передний; автомат / передний";;Sportback Facelifting, Cabrio Facelifting, Coupe Facelifting, Coupe;коробка не указана;https://www.autocentrum.pl/dane-techniczne/audi/a5/8t/sportback-facelifting/silnik-benzynowy-1.8-tfsi-170km-2011-2016/;
Audi;A5;коробка+;8T (2007–2016);8T;бензин 2.0 211 KM;TFSI;"механика 6 / передний; автомат / передний";;Sportback Facelifting, Cabrio Facelifting, Coupe Facelifting, Sportback, Cabriolet, Coupe;коробка не указана;https://www.autocentrum.pl/dane-techniczne/audi/a5/8t/sportback-facelifting/silnik-benzynowy-2.0-tfsi-211km-2011-2013/;
Audi;A5;коробка+;8T (2007–2016);8T;дизель 2.0 177 KM;TDI;"механика 6 / передний; механика 6 / полный; автомат 8 / передний; автомат / полный; автомат / передний";;Sportback Facelifting, Cabrio Facelifting, Coupe Facelifting;коробка не указана;https://www.autocentrum.pl/dane-techniczne/audi/a5/8t/sportback-facelifting/silnik-diesla-2.0-tdi-177km-2011-2016/;
Audi;A5;коробка+;8T (2007–2016);8T;дизель 2.0 143 KM;TDI;механика 6 / передний;;Sportback Facelifting, Cabrio Facelifting;коробка не указана;https://www.autocentrum.pl/dane-techniczne/audi/a5/8t/sportback-facelifting/silnik-diesla-2.0-tdi-143km-2012-2013/;
Audi;A5;коробка+;8T (2007–2016);8T;дизель 3.0 204 KM;TDI;"механика 6 / передний; автомат / передний; автомат / привод ?";;Sportback Facelifting, Cabrio Facelifting, Coupe Facelifting;коробка не указана;https://www.autocentrum.pl/dane-techniczne/audi/a5/8t/sportback-facelifting/silnik-diesla-3.0-tdi-204km-2011-2016/;
Audi;A5;коробка+;8T (2007–2016);8T;дизель 3.0 245 KM;TDI;механика 6 / полный;;Sportback Facelifting, Coupe Facelifting;коробка не указана;https://www.autocentrum.pl/dane-techniczne/audi/a5/8t/sportback-facelifting/silnik-diesla-3.0-tdi-245km-2011-2016/;
Audi;A5;коробка+;8T (2007–2016);8T;бензин 2.0 180 KM;TFSI;механика 6 / передний;;Sportback, Coupe;коробка не указана;https://www.autocentrum.pl/dane-techniczne/audi/a5/8t/sportback/silnik-benzynowy-2.0-tfsi-180km-2009-2011/;
Audi;A5;коробка+;8T (2007–2016);8T;дизель 2.7 190 KM;TDI;механика 6 / передний;;Sportback, Cabriolet, Coupe;коробка не указана;https://www.autocentrum.pl/dane-techniczne/audi/a5/8t/sportback/silnik-diesla-2.7-tdi-190km-2009-2011/;
Audi;A6;коробка+;C6 (2004–2011);C6;бензин 2.8 190 KM;V6 FSI;"механика 6 / полный; автомат 7 / полный";;Limousine, Avant;коробка не указана;https://www.autocentrum.pl/dane-techniczne/audi/a6/c6/limousine/silnik-benzynowy-2.8-v6-fsi-190km-2008-2011/;
Audi;A6;коробка+;C6 (2004–2011);C6;дизель 2.0 136 KM;TDI e;механика 6 / передний;;Limousine, Avant;коробка не указана;https://www.autocentrum.pl/dane-techniczne/audi/a6/c6/limousine/silnik-diesla-2.0-tdi-e-136km-2008-2011/;
Audi;A6;коробка+;C6 (2004–2011);C6;дизель 2.7 180 KM;V6 TDI;"механика 6 / передний; автомат 7 / передний";;Avant;коробка не указана;https://www.autocentrum.pl/dane-techniczne/audi/a6/c6/avant/silnik-diesla-2.7-v6-tdi-180km-2004-2010/;
Audi;Q5;мощность;II (2017–н. в.);GU, FY;бензин 2.0 190 KM;40 TFSI;;2020–2020;SUV;у нас 204 л.с. (мягкий гибрид: мощность с электромотором или без);https://www.autocentrum.pl/dane-techniczne/audi/q5/ii/suv/silnik-benzynowy-2.0-40-tfsi-190km-2020/;
Audi;Q5;коробка+;I (2008–2016);8R;дизель 2.0 170 KM;TDI;"механика 6 / полный; автомат 7 / привод ?; автомат 7 / полный";;SUV;коробка не указана;https://www.autocentrum.pl/dane-techniczne/audi/q5/i/suv/silnik-diesla-2.0-tdi-170km-2008-2012/;
Audi;Q7;мощность;II (2015–н. в.);4M;плагин-гибрид 3.0 462 KM;60 TFSI e;;2020–н. в.;Q7-e;у нас 456 л.с. (мягкий гибрид: мощность с электромотором или без);https://www.autocentrum.pl/dane-techniczne/audi/q7/ii-4m/q7-e/silnik-hybrydowy-3.0-60-tfsi-e-462km-od-2020/;
BMW;Seria 1;годы;F20-F21 (2011–2019);F20/F21;рестайлинг 2017 / у нас 2015;;;;;;https://www.autocentrum.pl/dane-techniczne/bmw/seria-1/f20-f21/;
BMW;Seria 1;привод;F20-F21 (2011–2019);F20/F21;бензин 136 KM;116i;"механика 6 / передний; автомат 8 / передний";;Hatchback 3d;привод у нас: задний;https://www.autocentrum.pl/dane-techniczne/bmw/seria-1/f20-f21/hatchback-3d/silnik-benzynowy-116i-136km-2012-2015/;ошибка autocentrum (вероятно): BMW этого поколения — задний/xDrive
BMW;Seria 1;привод;F20-F21 (2011–2019);F20/F21;дизель 218 KM;125d;механика 6 / передний;;Hatchback 5d;привод у нас: задний;https://www.autocentrum.pl/dane-techniczne/bmw/seria-1/f20-f21/hatchback-5d/silnik-diesla-125d-218km-2012-2015/;ошибка autocentrum (вероятно): BMW этого поколения — задний/xDrive
BMW;Seria 1;коробка+;E81/E87 (2004–2013);E81/E87;бензин 3.0 265 KM;130i;"механика 6 / задний; автомат 6 / привод ?";;Hatchback 3d E81, Hatchback 5d E87;коробка не указана;https://www.autocentrum.pl/dane-techniczne/bmw/seria-1/e81-e87/hatchback-3d-e81/silnik-benzynowy-3.0-130i-265km-2007-2011/;
BMW;Seria 1;привод;E81/E87 (2004–2013);E81/E87;дизель 2.0 204 KM;123d;механика 6 / передний;;Hatchback 3d E81;привод у нас: задний;https://www.autocentrum.pl/dane-techniczne/bmw/seria-1/e81-e87/hatchback-3d-e81/silnik-diesla-2.0-123d-204km-2007-2011/;ошибка autocentrum (вероятно): BMW этого поколения — задний/xDrive
BMW;Seria 3;привод;G20-G21 (2018–н. в.);G20;бензин 2.0 245 KM;330i;автомат 8 / передний;;Touring Facelifting;привод у нас: задний, полный;https://www.autocentrum.pl/dane-techniczne/bmw/seria-3/g20-g21/touring-facelifting/silnik-benzynowy-2.0-330i-245km-od-2023/;ошибка autocentrum (вероятно): BMW этого поколения — задний/xDrive
BMW;Seria 3;привод;F30-F31-F34 (2012–2020);F30;дизель 3.0 258 KM;330d;автомат 8 / передний;;Limuzyna;привод у нас: задний, полный;https://www.autocentrum.pl/dane-techniczne/bmw/seria-3/f30-f31-f34/limuzyna/silnik-diesla-3.0-330d-258km-2012-2015/;ошибка autocentrum (вероятно): BMW этого поколения — задний/xDrive
BMW;Seria 3;годы;E90-91-92-93 (2004–2013);E90;рестайлинг 2010 / у нас 2008;;;;;;https://www.autocentrum.pl/dane-techniczne/bmw/seria-3/e90-91-92-93/;
BMW;Seria 3;коробка+;E90-91-92-93 (2004–2013);E90;дизель 286 KM;335d;"автомат / задний; механика 6 / задний";;Coupe E92 Facelifting, Coupe E92, Limuzyna E90;коробка не указана;https://www.autocentrum.pl/dane-techniczne/bmw/seria-3/e90-91-92-93/coupe-e92-facelifting/silnik-diesla-335d-286km-2010-2013/;
BMW;Seria 3;коробка+;E90-91-92-93 (2004–2013);E90;дизель 2.0 115 KM;316d;"механика / задний; автомат / задний";;Touring E91;коробка не указана;https://www.autocentrum.pl/dane-techniczne/bmw/seria-3/e90-91-92-93/touring-e91/silnik-diesla-2.0-316d-115km-2010-2013/;
BMW;Seria 3;коробка+;E90-91-92-93 (2004–2013);E90;дизель 2.0 122 KM;318d;механика / задний;;Touring E91;коробка не указана;https://www.autocentrum.pl/dane-techniczne/bmw/seria-3/e90-91-92-93/touring-e91/silnik-diesla-2.0-318d-122km-2007-2010/;
BMW;Seria 3;коробка+;E90-91-92-93 (2004–2013);E90;дизель 3.0 286 KM;335d;автомат / задний;;Touring E91;коробка не указана;https://www.autocentrum.pl/dane-techniczne/bmw/seria-3/e90-91-92-93/touring-e91/silnik-diesla-3.0-335d-286km-2005-2013/;
BMW;Seria 3;коробка+;E90-91-92-93 (2004–2013);E90;дизель 115 KM;316d;механика 6 / задний;;Limuzyna E90;коробка не указана;https://www.autocentrum.pl/dane-techniczne/bmw/seria-3/e90-91-92-93/limuzyna-e90/silnik-diesla-316d-115km-2005-2011/;
BMW;Seria 3;коробка+;E90-91-92-93 (2004–2013);E90;дизель 122 KM;318d;"механика / задний; автомат 6 / привод ?";;Limuzyna E90;коробка не указана;https://www.autocentrum.pl/dane-techniczne/bmw/seria-3/e90-91-92-93/limuzyna-e90/silnik-diesla-318d-122km-2007-2010/;
BMW;Seria 5;годы;F10-F11 (2010–2017);F10;рестайлинг 2011 / у нас 2013;;;;;;https://www.autocentrum.pl/dane-techniczne/bmw/seria-5/f10-f11/;
BMW;Seria 5;привод;F10-F11 (2010–2017);F10;дизель 184 KM;520d Efficient Dynamics;механика 6 / передний;;Limuzyna;привод у нас: задний, полный;https://www.autocentrum.pl/dane-techniczne/bmw/seria-5/f10-f11/limuzyna/silnik-diesla-520d-efficient-dynamics-184km-2011-2013/;ошибка autocentrum (вероятно): BMW этого поколения — задний/xDrive
BMW;Seria 5;коробка+;E60 (2003–2010);E60;бензин 2.2 170 KM;520i;"механика 6 / задний; автомат 6 / задний";;Sedan;коробка не указана;https://www.autocentrum.pl/dane-techniczne/bmw/seria-5/e60/sedan/silnik-benzynowy-2.2-520i-170km-2003-2010/;
BMW;Seria 5;коробка+;E60 (2003–2010);E60;бензин 306 KM;540 i;"механика 6 / задний; автомат 6 / задний";;Sedan;коробка не указана;https://www.autocentrum.pl/dane-techniczne/bmw/seria-5/e60/sedan/silnik-benzynowy-540-i-306km-2005-2010/;
BMW;X1;привод;F48 (2015–2022);F48;бензин 136 KM;sDrive18i;"механика 6 / задний; автомат 8 / задний";;Crossover;привод у нас: передний;https://www.autocentrum.pl/dane-techniczne/bmw/x1/f48/crossover/silnik-benzynowy-sdrive18i-136km-2015-2017/;ошибка autocentrum (вероятно): sDrive здесь — передний
BMW;X1;привод;F48 (2015–2022);F48;бензин 192 KM;sDrive20i;автомат / задний;;Crossover;привод у нас: передний, полный;https://www.autocentrum.pl/dane-techniczne/bmw/x1/f48/crossover/silnik-benzynowy-sdrive20i-192km-2015-2019/;ошибка autocentrum (вероятно): sDrive здесь — передний
BMW;X1;привод;F48 (2015–2022);F48;дизель 1.5 116 KM;16d;механика 6 / задний;;Crossover;привод у нас: передний;https://www.autocentrum.pl/dane-techniczne/bmw/x1/f48/crossover/silnik-diesla-1.5-16d-116km-2015-2019/;ошибка autocentrum (вероятно): sDrive здесь — передний
BMW;X1;привод;F48 (2015–2022);F48;дизель 150 KM;sDrive18d;"механика 6 / задний; автомат 8 / задний";;Crossover;привод у нас: передний, полный;https://www.autocentrum.pl/dane-techniczne/bmw/x1/f48/crossover/silnik-diesla-sdrive18d-150km-2015-2019/;ошибка autocentrum (вероятно): sDrive здесь — передний
BMW;X1;привод;F48 (2015–2022);F48;дизель 190 KM;sDrive20d;"механика 6 / задний; автомат 8 / задний";;Crossover;привод у нас: передний, полный;https://www.autocentrum.pl/dane-techniczne/bmw/x1/f48/crossover/silnik-diesla-sdrive20d-190km-2015-2019/;ошибка autocentrum (вероятно): sDrive здесь — передний
BMW;X1;привод;E84 (2009–2015);E84;бензин 150 KM;sDrive18i;автомат / полный;;Crossover;привод у нас: задний;https://www.autocentrum.pl/dane-techniczne/bmw/x1/e84/crossover/silnik-benzynowy-sdrive18i-150km-2009-2012/;ошибка autocentrum (вероятно): в названии моноприводная версия
BMW;X1;коробка+;E84 (2009–2015);E84;бензин 258 KM;xDrive28i;"механика 6 / полный; автомат 6 / полный";;Crossover;коробка не указана;https://www.autocentrum.pl/dane-techniczne/bmw/x1/e84/crossover/silnik-benzynowy-xdrive28i-258km-2009-2010/;
BMW;X3;коробка+;E83 (2003–2010);E83;дизель 3.0 286 KM;sd;механика / полный;;E83;коробка не указана;https://www.autocentrum.pl/dane-techniczne/bmw/x3/e83/silnik-diesla-3.0-sd-286km-2006-2010/;
BMW;X3;коробка+;E83 (2003–2010);E83;дизель 286 KM;xDrive35d;автомат 6 / полный;;E83;коробка не указана;https://www.autocentrum.pl/dane-techniczne/bmw/x3/e83/silnik-diesla-xdrive35d-286km-2009-2010/;
BMW;X5;коробка+;E70 (2006–2013);E70;бензин 306 KM;xDrive35i;"механика / полный; автомат 7 / полный";;SUV Facelifting;коробка не указана;https://www.autocentrum.pl/dane-techniczne/bmw/x5/e70/suv-facelifting/silnik-benzynowy-xdrive35i-306km-2010-2013/;
BMW;X5;коробка+;E70 (2006–2013);E70;бензин 407 KM;xDrive50i;"механика / полный; автомат / полный";;SUV Facelifting;коробка не указана;https://www.autocentrum.pl/dane-techniczne/bmw/x5/e70/suv-facelifting/silnik-benzynowy-xdrive50i-407km-2010-2013/;
BMW;X5;коробка+;E70 (2006–2013);E70;дизель 245 KM;xDrive30d;"механика 6 / полный; автомат 8 / полный";;SUV Facelifting;коробка не указана;https://www.autocentrum.pl/dane-techniczne/bmw/x5/e70/suv-facelifting/silnik-diesla-xdrive30d-245km-2010-2013/;
BMW;X5;привод;E70 (2006–2013);E70;дизель 245 KM;xDrive30d;автомат 8 / задний;;SUV Facelifting;привод у нас: полный;https://www.autocentrum.pl/dane-techniczne/bmw/x5/e70/suv-facelifting/silnik-diesla-xdrive30d-245km-2010-2013/;ошибка autocentrum (вероятно): в названии полный привод
BMW;X5;коробка+;E70 (2006–2013);E70;дизель 306 KM;xDrive40d;"механика / полный; автомат / полный";;SUV Facelifting;коробка не указана;https://www.autocentrum.pl/dane-techniczne/bmw/x5/e70/suv-facelifting/silnik-diesla-xdrive40d-306km-2010-2013/;
Ford;C-Max;коробка+;I (2003–2010);Mk1;бензин 2.0 145 KM;Duratec;"механика 5 / передний; автомат / передний";;I;коробка не указана;https://www.autocentrum.pl/dane-techniczne/ford/c-max/i/silnik-benzynowy-2.0-duratec-145km-2003-2010/;
Ford;Fiesta;мощность;VIII (2017–2023);Mk8;гибрид 1.0 155 KM;EcoBoost Hybrid;;2020–2022;Active, Hatchback 5d;у нас 140 л.с. (мягкий гибрид: мощность с электромотором или без);https://www.autocentrum.pl/dane-techniczne/ford/fiesta/viii/active/silnik-hybrydowy-1.0-ecoboost-hybrid-155km-2020-2022/;
Ford;Fiesta;годы;VII (2008–2017);Mk7;рестайлинг 2014 / у нас 2012;;;;;;https://www.autocentrum.pl/dane-techniczne/ford/fiesta/vii/;
Ford;Fiesta;коробка+;VII (2008–2017);Mk7;бензин 1.0 125 KM;EcoBoost;автомат 5 / передний;;Hatchback 5d Facelifting;коробка не указана;https://www.autocentrum.pl/dane-techniczne/ford/fiesta/vii/hatchback-5d-facelifting/silnik-benzynowy-1.0-ecoboost-125km-2012-2017/;
Ford;Kuga;коробка+;I (2008–2012);Mk1;бензин 2.5 200 KM;Duratec;"механика 6 / полный; автомат / полный";;I;коробка не указана;https://www.autocentrum.pl/dane-techniczne/ford/kuga/i/silnik-benzynowy-2.5-duratec-200km-2008-2012/;
Ford;Mondeo;коробка+;IV (2007–2014);Mk4;бензин 1.6 160 KM;EcoBoost;"механика 6 / передний; автомат / передний";;Sedan, Hatchback, Kombi;коробка не указана;https://www.autocentrum.pl/dane-techniczne/ford/mondeo/iv/sedan/silnik-benzynowy-1.6-ecoboost-160km-2011-2014/;
Ford;S-Max;коробка+;I (2006–2015);Mk1;дизель 2.2 200 KM;Duratorq TDCi DPF;"механика 6 / передний; автомат 6 / передний";;Van Facelifting;коробка не указана;https://www.autocentrum.pl/dane-techniczne/ford/s-max/i/van-facelifting/silnik-diesla-2.2-duratorq-tdci-dpf-200km-2010-2015/;
Mercedes-Benz;Klasa C;мощность;W206 (2021–н. в.);W206;бензин 2.0 408 KM;43AMG;;2022–н. в.;Limuzyna AMG, Kombi AMG;у нас 422 л.с. (мягкий гибрид: мощность с электромотором или без);https://www.autocentrum.pl/dane-techniczne/mercedes/klasa-c/w206/limuzyna-amg/silnik-benzynowy-2.0-43amg-408km-od-2022/;
Mercedes-Benz;Klasa C;мощность;W205 (2013–2021);W205;гибрид 2.0 272 KM;C300 / 300;;2018–2021;Limuzyna Facelifting, Kombi Facelifting;у нас 258 л.с., 279 л.с., 293 л.с. (мягкий гибрид: мощность с электромотором или без);https://www.autocentrum.pl/dane-techniczne/mercedes/klasa-c/w205/limuzyna-facelifting/silnik-hybrydowy-2.0-c300-272km-2019-2021/;
Mercedes-Benz;Klasa C;коробка+;W204 (2006–2014);W204;бензин 231 KM;300;"механика 7 / полный; автомат 7 / полный";;Limuzyna Facelifting;коробка не указана;https://www.autocentrum.pl/dane-techniczne/mercedes/klasa-c/w204/limuzyna-facelifting/silnik-benzynowy-300-231km-2011-2014/;
Mercedes-Benz;Klasa C;коробка+;W204 (2006–2014);W204;бензин 3.0 231 KM;300;автомат 7 / полный;;Limuzyna, Kombi T204;коробка не указана;https://www.autocentrum.pl/dane-techniczne/mercedes/klasa-c/w204/limuzyna/silnik-benzynowy-3.0-300-231km-2006-2013/;
Mercedes-Benz;Klasa C;коробка+;W204 (2006–2014);W204;дизель 3.0 231 KM;350 CDI BlueEFFICIENCY;"механика / задний; автомат 7 / задний";;Limuzyna;коробка не указана;https://www.autocentrum.pl/dane-techniczne/mercedes/klasa-c/w204/limuzyna/silnik-diesla-3.0-350-cdi-blueefficiency-231km-2009-2013/;
Mercedes-Benz;Klasa E;мощность;W214 (2023–н. в.);W214;бензин 2.0 204 KM;200;;2023–н. в.;Sedan, Kombi;у нас 227 л.с. (мягкий гибрид: мощность с электромотором или без);https://www.autocentrum.pl/dane-techniczne/mercedes/klasa-e/w214/sedan/silnik-benzynowy-2.0-200-204km-od-2023/;
Mercedes-Benz;Klasa E;мощность;W214 (2023–н. в.);W214;бензин 3.0 381 KM;450;;2023–н. в.;Sedan, Kombi, All-Terrain;у нас 404 л.с. (мягкий гибрид: мощность с электромотором или без);https://www.autocentrum.pl/dane-techniczne/mercedes/klasa-e/w214/sedan/silnik-benzynowy-3.0-450-381km-od-2023/;
Mercedes-Benz;Klasa E;мощность;W214 (2023–н. в.);W214;дизель 2.0 197 KM;220d;;2023–н. в.;Sedan, Kombi, All-Terrain;у нас 186 л.с., 220 л.с. (мягкий гибрид: мощность с электромотором или без);https://www.autocentrum.pl/dane-techniczne/mercedes/klasa-e/w214/sedan/silnik-diesla-2.0-220d-197km-od-2023/;
Mercedes-Benz;Klasa E;мощность;W213 (2016–2023);W213;дизель 2.0 285 KM;E300d;;2021–2023;Limuzyna Facelifting;у нас 265 л.с. (мягкий гибрид: мощность с электромотором или без);https://www.autocentrum.pl/dane-techniczne/mercedes/klasa-e/w213/limuzyna-facelifting/silnik-diesla-2.0-e300d-285km-2021-2023/;
Mercedes-Benz;Klasa E;мощность;W213 (2016–2023);W213;плагин-гибрид 2.0 313 KM;300e;;2023–2023;Limuzyna Plug-in Facelifting;у нас 306 л.с., 320 л.с. (мягкий гибрид: мощность с электромотором или без);https://www.autocentrum.pl/dane-techniczne/mercedes/klasa-e/w213/limuzyna-plug-in-facelifting/silnik-hybrydowy-2.0-300e-313km-2023/;
Mercedes-Benz;Klasa E;двигатель;W213 (2016–2023);W213;дизель 2.0 160 KM 118 kW;E200d;;2020–2023;Kombi Facelifting;нет двигателя такой мощности;https://www.autocentrum.pl/dane-techniczne/mercedes/klasa-e/w213/kombi-facelifting/silnik-diesla-2.0-e200d-160km-2020-2023/;
Mercedes-Benz;Klasa E;мощность;W213 (2016–2023);W213;гибрид 2.0 313 KM;350;;2018–2020;Cabrio, Coupe, Limuzyna;у нас 299 л.с., 306 л.с., 320 л.с. (мягкий гибрид: мощность с электромотором или без);https://www.autocentrum.pl/dane-techniczne/mercedes/klasa-e/w213/cabrio/silnik-hybrydowy-2.0-350-313km-2018-2020/;
Mercedes-Benz;Klasa E;коробка;W213 (2016–2023);W213;гибрид 2.0 211 KM;200;механика 6 / задний;;Limuzyna;у нас: автомат / задний;https://www.autocentrum.pl/dane-techniczne/mercedes/klasa-e/w213/limuzyna/silnik-hybrydowy-2.0-200-211km-2016-2020/;ошибка autocentrum (вероятно): гибрид с механикой
Mercedes-Benz;Klasa E;мощность;W213 (2016–2023);W213;гибрид 2.0 333 KM;300e;;2019–2020;Limuzyna;у нас 320 л.с. (мягкий гибрид: мощность с электромотором или без);https://www.autocentrum.pl/dane-techniczne/mercedes/klasa-e/w213/limuzyna/silnik-hybrydowy-2.0-300e-333km-2019-2020/;
Mercedes-Benz;Klasa S;мощность;W223/V223 (2020–н. в.);W223;бензин 3.0 381 KM;450 EQ Boost;;2026–н. в.;Sedan Facelifting;у нас 367 л.с., 404 л.с. (мягкий гибрид: мощность с электромотором или без);https://www.autocentrum.pl/dane-techniczne/mercedes/klasa-s/w223v223/sedan-facelifting/silnik-benzynowy-3.0-450-eq-boost-381km-od-2026/;
Mercedes-Benz;Klasa S;мощность;W223/V223 (2020–н. в.);W223;бензин 3.0 449 KM;500 EQ Boost;;2026–н. в.;Sedan Facelifting;у нас 435 л.с., 472 л.с. (мягкий гибрид: мощность с электромотором или без);https://www.autocentrum.pl/dane-techniczne/mercedes/klasa-s/w223v223/sedan-facelifting/silnik-benzynowy-3.0-500-eq-boost-449km-od-2026/;
Mercedes-Benz;Klasa S;мощность;W223/V223 (2020–н. в.);W223;бензин 4.0 537 KM;580;;2026–н. в.;Sedan Facelifting;у нас 526 л.с., 560 л.с. (мягкий гибрид: мощность с электромотором или без);https://www.autocentrum.pl/dane-techniczne/mercedes/klasa-s/w223v223/sedan-facelifting/silnik-benzynowy-4.0-580-537km-od-2026/;
Mercedes-Benz;Klasa S;мощность;W223/V223 (2020–н. в.);W223;дизель 3.0 313 KM;350d EQ Boost;;2026–н. в.;Sedan Facelifting;у нас 336 л.с. (мягкий гибрид: мощность с электромотором или без);https://www.autocentrum.pl/dane-techniczne/mercedes/klasa-s/w223v223/sedan-facelifting/silnik-diesla-3.0-350d-eq-boost-313km-od-2026/;
Mercedes-Benz;Klasa S;мощность;W223/V223 (2020–н. в.);W223;дизель 3.0 367 KM;450d EQ Boost;;2026–н. в.;Sedan Facelifting;у нас 390 л.с. (мягкий гибрид: мощность с электромотором или без);https://www.autocentrum.pl/dane-techniczne/mercedes/klasa-s/w223v223/sedan-facelifting/silnik-diesla-3.0-450d-eq-boost-367km-od-2026/;
Mercedes-Benz;Klasa S;мощность;W222 (2013–2020);W222;гибрид 449 KM;500 e;;2015–2017;Limuzyna wersja długa;у нас 455 л.с., 457 л.с. (мягкий гибрид: мощность с электромотором или без);https://www.autocentrum.pl/dane-techniczne/mercedes/klasa-s/w222/limuzyna-wersja-dluga/silnik-hybrydowy-500-e-449km-2015-2017/;
Mercedes-Benz;Klasa S;мощность;W221 (2005–2013);W221;гибрид 299 KM;400 HYBRID;;2009–2013;Limuzyna Facelifting, Limuzyna wersja długa Facelifting;у нас 306 л.с. (мягкий гибрид: мощность с электромотором или без);https://www.autocentrum.pl/dane-techniczne/mercedes/klasa-s/w221/limuzyna-facelifting/silnik-hybrydowy-400-hybrid-299km-2009-2013/;
Mercedes-Benz;GLC;мощность;C254/X254 (2022–н. в.);X254 Coupé (C254), X254;бензин 2.0 421 KM;43 AMG;;2023–2025;Coupe AMG, SUV AMG;у нас 435 л.с. (мягкий гибрид: мощность с электромотором или без);https://www.autocentrum.pl/dane-techniczne/mercedes/glc/c254x254/coupe-amg/silnik-benzynowy-2.0-43-amg-421km-2024-2025/;
Mercedes-Benz;GLC;мощность;C254/X254 (2022–н. в.);X254 Coupé (C254), X254;бензин 2.0 204 KM;200;;2023–н. в.;Coupe;у нас 227 л.с. (мягкий гибрид: мощность с электромотором или без);https://www.autocentrum.pl/dane-techniczne/mercedes/glc/c254x254/coupe/silnik-benzynowy-2.0-200-204km-od-2023/;
Mercedes-Benz;GLC;мощность;C254/X254 (2022–н. в.);X254 Coupé (C254), X254;бензин 2.0 258 KM;300;;2023–н. в.;Coupe;у нас 281 л.с. (мягкий гибрид: мощность с электромотором или без);https://www.autocentrum.pl/dane-techniczne/mercedes/glc/c254x254/coupe/silnik-benzynowy-2.0-300-258km-od-2023/;
Mercedes-Benz;GLC;мощность;C254/X254 (2022–н. в.);X254 Coupé (C254), X254;дизель 2.0 163 KM;200d;;2025–н. в.;Coupe, SUV;у нас 186 л.с. (мягкий гибрид: мощность с электромотором или без);https://www.autocentrum.pl/dane-techniczne/mercedes/glc/c254x254/coupe/silnik-diesla-2.0-200d-163km-od-2025/;
Mercedes-Benz;GLC;мощность;C254/X254 (2022–н. в.);X254 Coupé (C254), X254;дизель 2.0 197 KM;220d;;2023–н. в.;Coupe;у нас 186 л.с., 220 л.с. (мягкий гибрид: мощность с электромотором или без);https://www.autocentrum.pl/dane-techniczne/mercedes/glc/c254x254/coupe/silnik-diesla-2.0-220d-197km-od-2023/;
Mercedes-Benz;GLC;мощность;C254/X254 (2022–н. в.);X254 Coupé (C254), X254;дизель 2.0 269 KM;300d;;2022–н. в.;Coupe, SUV;у нас 292 л.с. (мягкий гибрид: мощность с электромотором или без);https://www.autocentrum.pl/dane-techniczne/mercedes/glc/c254x254/coupe/silnik-diesla-2.0-300d-269km-od-2023/;
Mercedes-Benz;GLC;мощность;C254/X254 (2022–н. в.);X254 Coupé (C254), X254;дизель 3.0 367 KM;450d;;2025–н. в.;Coupe, SUV;у нас 390 л.с. (мягкий гибрид: мощность с электромотором или без);https://www.autocentrum.pl/dane-techniczne/mercedes/glc/c254x254/coupe/silnik-diesla-3.0-450d-367km-od-2025/;
Mercedes-Benz;GLC;мощность;C254/X254 (2022–н. в.);X254 Coupé (C254), X254;гибрид 2.0 204 KM;200 MHEV;;2022–н. в.;SUV;у нас 227 л.с. (мягкий гибрид: мощность с электромотором или без);https://www.autocentrum.pl/dane-techniczne/mercedes/glc/c254x254/suv/silnik-hybrydowy-2.0-200-mhev-204km-od-2022/;
Mercedes-Benz;GLC;мощность;C254/X254 (2022–н. в.);X254 Coupé (C254), X254;гибрид 2.0 258 KM;300 MHEV;;2022–н. в.;SUV;у нас 281 л.с. (мягкий гибрид: мощность с электромотором или без);https://www.autocentrum.pl/dane-techniczne/mercedes/glc/c254x254/suv/silnik-hybrydowy-2.0-300-mhev-258km-od-2022/;
Mercedes-Benz;GLC;мощность;C254/X254 (2022–н. в.);X254 Coupé (C254), X254;гибрид (дизель) 2.0 197 KM;220d MHEV;;2022–н. в.;SUV;у нас 186 л.с., 220 л.с. (мягкий гибрид: мощность с электромотором или без);https://www.autocentrum.pl/dane-techniczne/mercedes/glc/c254x254/suv/silnik-hybrydowy-2.0-220d-mhev-197km-od-2022/;
Mercedes-Benz;GLC;мощность;C253 (2015–2022);X253 Coupé (C253), X253;гибрид 2.0 272 KM;300;;2019–2022;Coupe Facelifting, SUV Facelifting;у нас 258 л.с. (мягкий гибрид: мощность с электромотором или без);https://www.autocentrum.pl/dane-techniczne/mercedes/glc/c253/coupe-facelifting/silnik-hybrydowy-2.0-300-272km-2019-2022/;
Mercedes-Benz;GLC;мощность;C253 (2015–2022);X253 Coupé (C253), X253;гибрид 2.0 327 KM;350 e;;2016–2019;Coupe, SUV;у нас 320 л.с. (мягкий гибрид: мощность с электромотором или без);https://www.autocentrum.pl/dane-techniczne/mercedes/glc/c253/coupe/silnik-hybrydowy-2.0-350-e-327km-2016-2019/;
Mercedes-Benz;GLE;мощность;V167 (2019–н. в.);V167, V167 Coupé (C167);бензин 3.0 381 KM;450;;2023–н. в.;SUV Facelifting;у нас 367 л.с., 401 л.с. (мягкий гибрид: мощность с электромотором или без);https://www.autocentrum.pl/dane-techniczne/mercedes/gle/v167/suv-facelifting/silnik-benzynowy-3.0-450-381km-od-2023/;
Mercedes-Benz;GLE;мощность;V167 (2019–н. в.);V167, V167 Coupé (C167);дизель 2.0 269 KM;300d;;2023–н. в.;SUV Facelifting, Coupe Facelifting;у нас 289 л.с. (мягкий гибрид: мощность с электромотором или без);https://www.autocentrum.pl/dane-techniczne/mercedes/gle/v167/suv-facelifting/silnik-diesla-2.0-300d-269km-od-2023/;
Mercedes-Benz;GLE;мощность;V167 (2019–н. в.);V167, V167 Coupé (C167);дизель 3.0 367 KM;450d;;2023–н. в.;SUV Facelifting, Coupe Facelifting;у нас 387 л.с. (мягкий гибрид: мощность с электромотором или без);https://www.autocentrum.pl/dane-techniczne/mercedes/gle/v167/suv-facelifting/silnik-diesla-3.0-450d-367km-od-2023/;
Mercedes-Benz;GLE;мощность;V167 (2019–н. в.);V167, V167 Coupé (C167);плагин-гибрид 2.0 381 KM;400e;;2023–н. в.;SUV Plug-In Facelifting, Coupe Plug-In Facelifting;у нас 388 л.с. (мягкий гибрид: мощность с электромотором или без);https://www.autocentrum.pl/dane-techniczne/mercedes/gle/v167/suv-plug-in-facelifting/silnik-hybrydowy-2.0-400e-381km-od-2023/;
Mercedes-Benz;GLE;мощность;V167 (2019–н. в.);V167, V167 Coupé (C167);дизель 2.0 272 KM;300d;;2021–2023;Coupe, SUV;у нас 289 л.с. (мягкий гибрид: мощность с электромотором или без);https://www.autocentrum.pl/dane-techniczne/mercedes/gle/v167/coupe/silnik-diesla-2.0-300d-272km-2021-2023/;
Mercedes-Benz;GLE;мощность;V167 (2019–н. в.);V167, V167 Coupé (C167);гибрид 3.0 389 KM;450;;2019–2023;SUV;у нас 367 л.с., 401 л.с. (мягкий гибрид: мощность с электромотором или без);https://www.autocentrum.pl/dane-techniczne/mercedes/gle/v167/suv/silnik-hybrydowy-3.0-450-389km-2019-2023/;
Mercedes-Benz;GLE;мощность;V167 (2019–н. в.);V167, V167 Coupé (C167);гибрид 4.0 511 KM;580;;2019–2023;SUV;у нас 489 л.с. (мягкий гибрид: мощность с электромотором или без);https://www.autocentrum.pl/dane-techniczne/mercedes/gle/v167/suv/silnik-hybrydowy-4.0-580-511km-2019-2023/;
Mercedes-Benz;GLE;мощность;W166/C292 (2015–2018);W166 Coupé (C292), W166;гибрид 3.0 449 KM;500e;;2015–2018;SUV;у нас 442 л.с. (мягкий гибрид: мощность с электромотором или без);https://www.autocentrum.pl/dane-techniczne/mercedes/gle/w166c292/suv/silnik-hybrydowy-3.0-500e-449km-2015-2018/;
Peugeot;308;годы;I (2007–2015);308 I;конец 2015 / у нас 2013;;;;;;https://www.autocentrum.pl/dane-techniczne/peugeot/308/i/;
Peugeot;3008;коробка+;I (2009–2016);3008 I;бензин 1.6 156 KM;THP;механика 6 / передний;;Crossover Facelifting, Crossover;коробка не указана;https://www.autocentrum.pl/dane-techniczne/peugeot/3008/i/crossover-facelifting/silnik-benzynowy-1.6-thp-156km-2013-2015/;
Peugeot;3008;коробка+;I (2009–2016);3008 I;дизель 1.6 115 KM;HDi / HDi FAP;механика 6 / передний;;Crossover Facelifting, Crossover;коробка не указана;https://www.autocentrum.pl/dane-techniczne/peugeot/3008/i/crossover-facelifting/silnik-diesla-1.6-hdi-115km-2013-2015/;
Peugeot;3008;коробка+;I (2009–2016);3008 I;дизель 1.6 109 KM;HDI;механика 6 / передний;;Crossover;коробка не указана;https://www.autocentrum.pl/dane-techniczne/peugeot/3008/i/crossover/silnik-diesla-1.6-hdi-109km-2009-2011/;
Peugeot;5008;коробка+;I (2009–2016);5008 I;дизель 1.6 110 KM;HDi FAP;механика 6 / передний;;Minivan;коробка не указана;https://www.autocentrum.pl/dane-techniczne/peugeot/5008/i/minivan/silnik-diesla-1.6-hdi-fap-110km-2009-2011/;
Renault;Captur;коробка;II (2019–н. в.);Captur II;гибрид 1.6 145 KM;E-Tech;механика 6 / передний;;Crossover Hybrid;у нас: автомат / передний;https://www.autocentrum.pl/dane-techniczne/renault/captur/ii/crossover-hybrid/silnik-hybrydowy-1.6-e-tech-145km-2023/;ошибка autocentrum (вероятно): гибрид с механикой
Renault;Clio;коробка+;III (2005–2013);Clio III, Clio II;бензин 1.2 75 KM;16v / 16v E85 / 16V eco2 / i 16V / i;механика 5 / передний;;Hatchback 3d Phase II, Grandtour Phase II, Hatchback 5d Phase II, Hatchback 5d, Hatchback 3d, Grandtour;коробка не указана;https://www.autocentrum.pl/dane-techniczne/renault/clio/iii/hatchback-3d-phase-ii/silnik-benzynowy-1.2-16v-75km-2010-2013/;
Renault;Clio;коробка+;III (2005–2013);Clio III, Clio II;бензин 1.2 78 KM;i 16V;механика / передний;;Hatchback 5d, Hatchback 3d;коробка не указана;https://www.autocentrum.pl/dane-techniczne/renault/clio/iii/hatchback-5d/silnik-benzynowy-1.2-i-16v-78km-2005-2010/;
Renault;Clio;коробка+;III (2005–2013);Clio III, Clio II;бензин 1.6 88 KM;i 16V;механика 5 / передний;;Hatchback 5d, Hatchback 3d;коробка не указана;https://www.autocentrum.pl/dane-techniczne/renault/clio/iii/hatchback-5d/silnik-benzynowy-1.6-i-16v-88km-2005-2010/;
Renault;Clio;коробка+;II (1998–2010);Clio II;бензин 1.2 75 KM;16v / i 16V;механика 5 / передний;;Storia, Hatchback;коробка не указана;https://www.autocentrum.pl/dane-techniczne/renault/clio/ii/storia/silnik-benzynowy-1.2-16v-75km-2005-2010/;
Renault;Clio;коробка+;II (1998–2010);Clio II;бензин 1.4 75 KM;;"механика 5 / передний; автомат / передний";;Hatchback;коробка не указана;https://www.autocentrum.pl/dane-techniczne/renault/clio/ii/hatchback/silnik-benzynowy-1.4-75km-1998-2010/;
Renault;Clio;коробка+;II (1998–2010);Clio II;бензин 1.6 90 KM;;механика 5 / передний;;Hatchback;коробка не указана;https://www.autocentrum.pl/dane-techniczne/renault/clio/ii/hatchback/silnik-benzynowy-1.6-90km-1998-2010/;
Renault;Clio;коробка+;II (1998–2010);Clio II;бензин 1.6 110 KM;16V;"механика 5 / передний; автомат 4 / передний";;Hatchback;коробка не указана;https://www.autocentrum.pl/dane-techniczne/renault/clio/ii/hatchback/silnik-benzynowy-1.6-16v-110km-1998-2010/;
Renault;Megane;годы;IV (2016–н. в.);Mégane IV;конец н. в. / у нас 2024;;;;;;https://www.autocentrum.pl/dane-techniczne/renault/megane/iv/;
Renault;Megane;коробка+;III (2008–2016);Mégane III;бензин 1.6 110 KM;16V / 16v / 16v E85;"механика 6 / передний; механика 6 / привод ?; механика 5 / передний; автомат 6 / привод ?";;Coupe Facelifting 2013, Hatchback Facelifting 2013, Grandtour Facelifting 2013, Hatchback Facelifting, Coupe Facelifting, Grandtour Facelifting, Coupe-Cabriolet, Grandtour, Hatchback, Coupe;коробка не указана;https://www.autocentrum.pl/dane-techniczne/renault/megane/iii/coupe-facelifting-2013/silnik-benzynowy-1.6-16v-110km-2013-2015/;
Renault;Megane;коробка+;III (2008–2016);Mégane III;бензин 130 KM;Energy TCe;механика 6 / передний;;Coupe Facelifting 2013, Hatchback Facelifting 2013, Grandtour Facelifting 2013;коробка не указана;https://www.autocentrum.pl/dane-techniczne/renault/megane/iii/coupe-facelifting-2013/silnik-benzynowy-energy-tce-130km-2013-2015/;
Renault;Megane;коробка+;III (2008–2016);Mégane III;бензин 1.4 130 KM;TCe / 16v TCe;"механика 6 / привод ?; механика 6 / передний; автомат 6 / привод ?";;Hatchback Facelifting, Coupe Facelifting, Grandtour Facelifting, Coupe-Cabriolet, Grandtour, Hatchback, Coupe;коробка не указана;https://www.autocentrum.pl/dane-techniczne/renault/megane/iii/hatchback-facelifting/silnik-benzynowy-1.4-tce-130km-2012-2013/;
Renault;Megane;коробка+;III (2008–2016);Mégane III;бензин 1.6 100 KM;16v;"механика 5 / привод ?; механика 5 / передний; автомат 5 / привод ?";;Hatchback Facelifting, Grandtour Facelifting, Grandtour, Hatchback;коробка не указана;https://www.autocentrum.pl/dane-techniczne/renault/megane/iii/hatchback-facelifting/silnik-benzynowy-1.6-16v-100km-2012-2013/;
Renault;Megane;коробка+;III (2008–2016);Mégane III;бензин 2.0 180 KM;16v TCe / TCe;"механика 6 / передний; автомат 6 / привод ?";;Hatchback Facelifting, Coupe Facelifting, Grandtour Facelifting, Coupe-Cabriolet, Hatchback, Coupe;коробка не указана;https://www.autocentrum.pl/dane-techniczne/renault/megane/iii/hatchback-facelifting/silnik-benzynowy-2.0-16v-tce-180km-2012-2013/;
Renault;Megane;коробка+;III (2008–2016);Mégane III;дизель 1.9 130 KM;dCi / dCi FAP;"механика / привод ?; механика 6 / передний; автомат 6 / привод ?";;Coupe-Cabriolet, Grandtour, Hatchback, Coupe;коробка не указана;https://www.autocentrum.pl/dane-techniczne/renault/megane/iii/coupe-cabriolet/silnik-diesla-1.9-dci-130km-2010-2012/;
Renault;Scenic;коробка+;III (2009–2016);Scénic III;дизель 110 KM;dCi;механика 6 / передний;;XMOD, Minivan;коробка не указана;https://www.autocentrum.pl/dane-techniczne/renault/scenic/iii/xmod/silnik-diesla-dci-110km-2013-2016/;
Renault;Scenic;коробка+;III (2009–2016);Scénic III;дизель 1.5 110 KM;Energy dCi / dCi FAP;механика 6 / передний;;Minivan, Van Facelifting, Van;коробка не указана;https://www.autocentrum.pl/dane-techniczne/renault/scenic/iii/minivan/silnik-diesla-1.5-energy-dci-110km-2015-2016/;
Renault;Scenic;коробка+;II (2009–2016);Scénic III;дизель 1.5 110 KM;Energy dCi / dCi FAP;"механика 6 / передний; механика 6 / привод ?";;Grand Scenic 2013, Grand Scenic Facelifting, Grand Scenic;коробка не указана;https://www.autocentrum.pl/dane-techniczne/renault/grand-scenic/ii/grand-scenic-2013/silnik-diesla-1.5-energy-dci-110km-2015-2016/;
Renault;Scenic;коробка+;II (2009–2016);Scénic III;дизель 110 KM;dCi;механика 6 / передний;;Grand Scenic 2013;коробка не указана;https://www.autocentrum.pl/dane-techniczne/renault/grand-scenic/ii/grand-scenic-2013/silnik-diesla-dci-110km-2013-2015/;
Skoda;Octavia;коробка+;II (2004–2013);Octavia II, Octavia I;бензин 1.6 115 KM;i 16V FSI;"механика 5 / передний; автомат / передний";;Kombi, Hatchback;коробка не указана;https://www.autocentrum.pl/dane-techniczne/skoda/octavia/ii/kombi/silnik-benzynowy-1.6-i-16v-fsi-115km-2005-2012/;
Skoda;Octavia;коробка+;II (2004–2013);Octavia II, Octavia I;бензин 2.0 150 KM;i 16V FSI;"механика 6 / передний; автомат / передний";;Kombi, Hatchback;коробка не указана;https://www.autocentrum.pl/dane-techniczne/skoda/octavia/ii/kombi/silnik-benzynowy-2.0-i-16v-fsi-150km-2005-2012/;
Skoda;Superb;коробка+;II (2008–2015);Superb II;дизель 2.0 170 KM;TDI CR DPF;"механика / полный; автомат / полный; автомат 6 / полный; механика 6 / полный";;Sedan Facelifting, Outdoor, Kombi Facelifting, Kombi, Sedan;коробка не указана;https://www.autocentrum.pl/dane-techniczne/skoda/superb/ii/sedan-facelifting/silnik-diesla-2.0-tdi-cr-dpf-170km-2013-2015/;
Toyota;Auris;коробка+;I (2006–2013);E15;дизель 1.4 90 KM;D-4D;"механика 6 / передний; механика 5 / передний; автомат / передний";;Hatchback 5d Facelifting, Hatchback;коробка не указана;https://www.autocentrum.pl/dane-techniczne/toyota/auris/i/hatchback-5d-facelifting/silnik-diesla-1.4-d-4d-90km-2009-2012/;
Toyota;Auris;коробка+;I (2006–2013);E15;дизель 2.0 126 KM;D-4D DPF;"механика 6 / привод ?; механика 6 / передний";;Hatchback 5d Facelifting, Hatchback;коробка не указана;https://www.autocentrum.pl/dane-techniczne/toyota/auris/i/hatchback-5d-facelifting/silnik-diesla-2.0-d-4d-dpf-126km-2009-2012/;
Toyota;Auris;коробка+;I (2006–2013);E15;бензин 1.6 124 KM;i 16V VVT-i;"механика 5 / передний; автомат / передний";;Hatchback;коробка не указана;https://www.autocentrum.pl/dane-techniczne/toyota/auris/i/hatchback/silnik-benzynowy-1.6-i-16v-vvt-i-124km-2006-2010/;
Toyota;Auris;коробка+;I (2006–2013);E15;бензин 1.6 125 KM;VVT-i Dual;"механика 5 / передний; автомат 5 / передний";;Hatchback;коробка не указана;https://www.autocentrum.pl/dane-techniczne/toyota/auris/i/hatchback/silnik-benzynowy-1.6vvt-i-dual-125km-2009-2010/;
Toyota;Auris;коробка+;I (2006–2013);E15;дизель 2.0 125 KM;D-4D;"механика 6 / передний; автомат / передний";;Hatchback;коробка не указана;https://www.autocentrum.pl/dane-techniczne/toyota/auris/i/hatchback/silnik-diesla-2.0-d-4d-125km-2006-2010/;
Toyota;Avensis;годы;III (2009–2018);T27;рестайлинг 2012 / у нас 2015;;;;;;https://www.autocentrum.pl/dane-techniczne/toyota/avensis/iii/;
Toyota;Camry;годы;VI (2006–2014);XV40 (вне ЕС);конец 2014 / у нас 2011;;;;;;https://www.autocentrum.pl/dane-techniczne/toyota/camry/vi/;
Toyota;Camry;коробка+;VI (2006–2014);XV40 (вне ЕС);бензин 2.4 167 KM;i 16V VVT-i;"механика 5 / передний; автомат 5 / передний";;VI;коробка не указана;https://www.autocentrum.pl/dane-techniczne/toyota/camry/vi/silnik-benzynowy-2.4-i-16v-vvt-i-167km-2006-2011/;
Toyota;Corolla;мощность;XII (2019–н. в.);E21;гибрид 2.0 184 KM;Hybrid Dynamic Force;;2019–2022;Hatchback, TS Kombi;у нас 180 л.с. (мягкий гибрид: мощность с электромотором или без);https://www.autocentrum.pl/dane-techniczne/toyota/corolla/xii/hatchback/silnik-hybrydowy-2.0-hybrid-dynamic-force-184km-2019-2022/;
Toyota;Corolla;коробка+;X (2007–2014);E15;дизель 1.4 90 KM;D-4D;"механика 6 / привод ?; автомат / привод ?; механика 6 / передний; автомат 6 / передний";;Sedan Facelifting, Sedan;коробка не указана;https://www.autocentrum.pl/dane-techniczne/toyota/corolla/x/sedan-facelifting/silnik-diesla-1.4-d-4d-90km-2010-2013/;
Toyota;RAV 4;коробка+;III (2006–2012);XA30;бензин 2.0 158 KM;Valvematic / VVT-i Multidrive S;"механика 6 / передний; автомат / передний";;MPV Facelifting, MPV;коробка не указана;https://www.autocentrum.pl/dane-techniczne/toyota/rav4/iii/mpv-facelifting/silnik-benzynowy-2.0-valvematic-158km-2010-2012/;
Toyota;RAV 4;коробка+;III (2006–2012);XA30;дизель 2.2 150 KM;D-4D / D-CAT;"механика 6 / привод ?; механика 6 / полный; автомат 6 / полный; автомат / полный; механика 6 / передний; автомат / передний";;MPV Facelifting, MPV;коробка не указана;https://www.autocentrum.pl/dane-techniczne/toyota/rav4/iii/mpv-facelifting/silnik-diesla-2.2-d-4d-150km-2010-2012/;
Toyota;Yaris;годы;II (2005–2011);XP9;конец 2011 / у нас 2013;;;;;;https://www.autocentrum.pl/dane-techniczne/toyota/yaris/ii/;
Volvo;S60;годы;III (2018–н. в.);S60 III;конец н. в. / у нас 2024;;;;;;https://www.autocentrum.pl/dane-techniczne/volvo/s60/iii/;
Volvo;S60;мощность;III (2018–н. в.);S60 III;гибрид 2.0 211 KM;B4 Mild Hybrid;;2020–2023;Sedan;у нас 190 л.с., 197 л.с. (мягкий гибрид: мощность с электромотором или без);https://www.autocentrum.pl/dane-techniczne/volvo/s60/iii/sedan/silnik-hybrydowy-2.0-b4-mild-hybrid-211km-2020-2023/;
Volvo;S60;коробка+;I (2000–2010);S60 I;бензин 2.4 140 KM;20V;"механика 5 / передний; автомат / передний";;I;коробка не указана;https://www.autocentrum.pl/dane-techniczne/volvo/s60/i/silnik-benzynowy-2.4-20v-140km-2000-2010/;
Volvo;S60;коробка+;I (2000–2010);S60 I;бензин 2.4 170 KM;i 20V;"механика 5 / передний; автомат / передний";;I;коробка не указана;https://www.autocentrum.pl/dane-techniczne/volvo/s60/i/silnik-benzynowy-2.4-i-20v-170km-2000-2010/;
Volvo;S60;коробка+;I (2000–2010);S60 I;бензин 2.4 260 KM;i 20V T5;"механика 6 / передний; автомат / передний";;I;коробка не указана;https://www.autocentrum.pl/dane-techniczne/volvo/s60/i/silnik-benzynowy-2.4-i-20v-t5-260km-2005-2010/;
Volvo;S60;коробка+;I (2000–2010);S60 I;бензин 2.4 200 KM;T;"механика 5 / передний; автомат / передний";;I;коробка не указана;https://www.autocentrum.pl/dane-techniczne/volvo/s60/i/silnik-benzynowy-2.4-t-200km-2000-2010/;
Volvo;S60;коробка+;I (2000–2010);S60 I;бензин 2.5 300 KM;i 20V AWD R;"механика 6 / полный; автомат 5 / полный";;I;коробка не указана;https://www.autocentrum.pl/dane-techniczne/volvo/s60/i/silnik-benzynowy-2.5-i-20v-awd-r-300km-2002-2010/;
Volvo;V60;мощность;II (2018–н. в.);V60 II;бензин 2.0 300 KM;B6;;2023–н. в.;Kombi Facelifting;у нас 310 л.с. (мягкий гибрид: мощность с электромотором или без);https://www.autocentrum.pl/dane-techniczne/volvo/v60/ii/kombi-facelifting/silnik-benzynowy-2.0-b6-300km-od-2023/;
Volvo;V60;мощность;II (2018–н. в.);V60 II;гибрид 2.0 264 KM;B5 Benzynowy Mild Hybrid;;2020–2023;Cross Country, Kombi;у нас 250 л.с., 254 л.с. (мягкий гибрид: мощность с электромотором или без);https://www.autocentrum.pl/dane-techniczne/volvo/v60/ii/cross-country/silnik-hybrydowy-2.0-b5-benzynowy-mild-hybrid-264km-2020-2023/;
Volvo;V60;мощность;II (2018–н. в.);V60 II;гибрид (дизель) 2.0 211 KM;B4 Diesel Mild Hybrid;;2020–2023;Cross Country, Kombi;у нас 190 л.с., 197 л.с. (мягкий гибрид: мощность с электромотором или без);https://www.autocentrum.pl/dane-techniczne/volvo/v60/ii/cross-country/silnik-hybrydowy-2.0-b4-diesel-mild-hybrid-211km-2020-2023/;
Volvo;V60;мощность;II (2018–н. в.);V60 II;гибрид 2.0 177 KM;B3 Benzynowy Mild Hybrid;;2020–2023;Kombi;у нас 163 л.с., 190 л.с., 197 л.с. (мягкий гибрид: мощность с электромотором или без);https://www.autocentrum.pl/dane-techniczne/volvo/v60/ii/kombi/silnik-hybrydowy-2.0-b3-benzynowy-mild-hybrid-177km-2020-2023/;
Volvo;V60;мощность;II (2018–н. в.);V60 II;гибрид 2.0 211 KM;B4 Benzynowy Mild Hybrid;;2020–2023;Kombi;у нас 190 л.с., 197 л.с. (мягкий гибрид: мощность с электромотором или без);https://www.autocentrum.pl/dane-techniczne/volvo/v60/ii/kombi/silnik-hybrydowy-2.0-b4-benzynowy-mild-hybrid-211km-2020-2023/;
Volvo;V60;мощность;II (2018–н. в.);V60 II;гибрид 2.0 314 KM;B6 Benzynowy Mild Hybrid;;2020–2023;Kombi;у нас 310 л.с. (мягкий гибрид: мощность с электромотором или без);https://www.autocentrum.pl/dane-techniczne/volvo/v60/ii/kombi/silnik-hybrydowy-2.0-b6-benzynowy-mild-hybrid-314km-2020-2023/;
Volvo;V60;коробка+;I (2010–2018);V60 I;дизель 1.6 115 KM;D2;автомат 6 / передний;;Kombi Facelifting;коробка не указана;https://www.autocentrum.pl/dane-techniczne/volvo/v60/i/kombi-facelifting/silnik-diesla-1.6-d2-115km-2013-2015/;
Volvo;V60;мощность;I (2010–2018);V60 I;плагин-гибрид 2.4 288 KM;D6 Plug-in Hybrid;;2015–2018;Kombi Facelifting;у нас 280 л.с. (мягкий гибрид: мощность с электромотором или без);https://www.autocentrum.pl/dane-techniczne/volvo/v60/i/kombi-facelifting/silnik-hybrydowy-2.4-d6-plug-in-hybrid-288km-2015-2018/;
Volvo;XC40;мощность;xc40 (2017–н. в.);XC40 I;гибрид 2.0 211 KM;B4 Mild Hybrid;;2020–2021;Crossover;у нас 190 л.с., 197 л.с. (мягкий гибрид: мощность с электромотором или без);https://www.autocentrum.pl/dane-techniczne/volvo/xc40/crossover/silnik-hybrydowy-2.0-b4-mild-hybrid-211km-2020-2021/;
Volvo;XC40;мощность;xc40 (2017–н. в.);XC40 I;гибрид 2.0 264 KM;B5 Mild Hybrid;;2020–2021;Crossover;у нас 247 л.с., 250 л.с. (мягкий гибрид: мощность с электромотором или без);https://www.autocentrum.pl/dane-techniczne/volvo/xc40/crossover/silnik-hybrydowy-2.0-b5-mild-hybrid-264km-2020-2021/;
Volvo;XC60;мощность;II (2017–н. в.);XC60 II;гибрид 2.0 300 KM;B6;;2022–2025;Crossover Facelifting;у нас 310 л.с., 320 л.с. (мягкий гибрид: мощность с электромотором или без);https://www.autocentrum.pl/dane-techniczne/volvo/xc60/ii/crossover-facelifting/silnik-hybrydowy-2.0-b6-300km-2022-2025/;
Volvo;XC60;мощность;II (2017–н. в.);XC60 II;гибрид 2.0 211 KM;B4 Benzynowy Mild Hybrid;;2020–2021;Crossover;у нас 190 л.с., 197 л.с. (мягкий гибрид: мощность с электромотором или без);https://www.autocentrum.pl/dane-techniczne/volvo/xc60/ii/crossover/silnik-hybrydowy-2.0-b4-benzynowy-mild-hybrid-211km-2020-2021/;
Volvo;XC60;мощность;II (2017–н. в.);XC60 II;гибрид 2.0 264 KM;B5 Benzynowy Mild Hybrid;;2020–2021;Crossover;у нас 250 л.с., 254 л.с. (мягкий гибрид: мощность с электромотором или без);https://www.autocentrum.pl/dane-techniczne/volvo/xc60/ii/crossover/silnik-hybrydowy-2.0-b5-benzynowy-mild-hybrid-264km-2020-2021/;
Volvo;XC60;мощность;II (2017–н. в.);XC60 II;гибрид 2.0 314 KM;B6 Benzynowy Mild Hybrid;;2020–2021;Crossover;у нас 310 л.с., 320 л.с. (мягкий гибрид: мощность с электромотором или без);https://www.autocentrum.pl/dane-techniczne/volvo/xc60/ii/crossover/silnik-hybrydowy-2.0-b6-benzynowy-mild-hybrid-314km-2020-2021/;
Volvo;XC60;мощность;II (2017–н. в.);XC60 II;гибрид (дизель) 2.0 211 KM;B4 Diesel Mild Hybrid;;2019–2021;Crossover;у нас 190 л.с., 197 л.с., 235 л.с. (мягкий гибрид: мощность с электромотором или без);https://www.autocentrum.pl/dane-techniczne/volvo/xc60/ii/crossover/silnik-hybrydowy-2.0-b4-diesel-mild-hybrid-211km-2019-2021/;
Volvo;XC60;мощность;II (2017–н. в.);XC60 II;гибрид (дизель) 2.0 249 KM;B5 Diesel Mild Hybrid;;2019–2021;Crossover;у нас 235 л.с. (мягкий гибрид: мощность с электромотором или без);https://www.autocentrum.pl/dane-techniczne/volvo/xc60/ii/crossover/silnik-hybrydowy-2.0-b5-diesel-mild-hybrid-249km-2019-2021/;
Volvo;XC90;мощность;II (2014–н. в.);XC90 II;гибрид (дизель) 2.0 249 KM;B5 Diesel Mild Hybrid;;2019–2025;SUV Facelifting 2024, SUV Facelifting;у нас 224 л.с., 235 л.с. (мягкий гибрид: мощность с электромотором или без);https://www.autocentrum.pl/dane-techniczne/volvo/xc90/ii/suv-facelifting-2024/silnik-hybrydowy-2.0-b5-diesel-mild-hybrid-249km-2024-2025/;
Volvo;XC90;мощность;II (2014–н. в.);XC90 II;гибрид 2.0 264 KM;B5 Benzynowy Mild Hybrid;;2020–2024;SUV Facelifting;у нас 250 л.с., 254 л.с. (мягкий гибрид: мощность с электромотором или без);https://www.autocentrum.pl/dane-techniczne/volvo/xc90/ii/suv-facelifting/silnik-hybrydowy-2.0-b5-benzynowy-mild-hybrid-264km-2020-2024/;
Volvo;XC90;мощность;II (2014–н. в.);XC90 II;гибрид 2.0 314 KM;B6 Benzynowy Mild Hybrid;;2020–2024;SUV Facelifting;у нас 300 л.с., 310 л.с., 321 л.с. (мягкий гибрид: мощность с электромотором или без);https://www.autocentrum.pl/dane-techniczne/volvo/xc90/ii/suv-facelifting/silnik-hybrydowy-2.0-b6-benzynowy-mild-hybrid-314km-2020-2024/;
Volvo;XC90;мощность;II (2014–н. в.);XC90 II;гибрид 2.0 400 KM;T8 Twin Engine;;2014–2016;SUV;у нас 407 л.с. (мягкий гибрид: мощность с электромотором или без);https://www.autocentrum.pl/dane-techniczne/volvo/xc90/ii/suv/silnik-hybrydowy-2.0-t8-twin-engine-400km-2014-2016/;
Volkswagen;Golf;коробка+;VI (2008–2016);Golf VI;бензин 1.6 102 KM;;"механика 5 / передний; автомат / передний; механика 5 / привод ?";;Hatchback 5d, Variant;коробка не указана;https://www.autocentrum.pl/dane-techniczne/volkswagen/golf/vi/hatchback-5d/silnik-benzynowy-1.6-102km-2008-2012/;
Volkswagen;Passat;коробка+;B6 (2005–2010);B6;бензин 1.4 122 KM;TSI;"механика 6 / передний; автомат / передний";;Sedan, Variant;коробка не указана;https://www.autocentrum.pl/dane-techniczne/volkswagen/passat/b6/sedan/silnik-benzynowy-1.4-tsi-122km-2008-2010/;
Volkswagen;Passat;коробка+;B6 (2005–2010);B6;бензин 1.8 160 KM;TSI;"механика 6 / передний; автомат / передний";;Sedan, Variant;коробка не указана;https://www.autocentrum.pl/dane-techniczne/volkswagen/passat/b6/sedan/silnik-benzynowy-1.8-tsi-160km-2007-2010/;
Volkswagen;Passat;коробка+;B6 (2005–2010);B6;дизель 2.0 140 KM;TDI / TDI 16V / TDI-CR DPF / TDI PD-DPF;"механика 6 / передний; механика 6 / полный; автомат 6 / передний; автомат / передний; механика / передний; автомат 6 / полный";;Sedan, Variant;коробка не указана;https://www.autocentrum.pl/dane-techniczne/volkswagen/passat/b6/sedan/silnik-diesla-2.0-tdi-140km-2005-2010/;
Volkswagen;Passat;коробка+;B6 (2005–2010);B6;дизель 2.0 170 KM;TDI / TDI-CR DPF;"механика 6 / передний; автомат / передний; автомат 6 / передний";;Sedan, Variant;коробка не указана;https://www.autocentrum.pl/dane-techniczne/volkswagen/passat/b6/sedan/silnik-diesla-2.0-tdi-170km-2005-2010/;
Volkswagen;Passat;коробка+;B6 (2005–2010);B6;дизель 1.9 140 KM;16V TDI PDE;"механика 6 / передний; автомат / передний";;Variant;коробка не указана;https://www.autocentrum.pl/dane-techniczne/volkswagen/passat/b6/variant/silnik-diesla-1.9-16v-tdi-pde-140km-2005-2010/;
Volkswagen;Polo;годы;VI (2017–н. в.);Polo VI;рестайлинг 2025 / у нас 2021;;;;;;https://www.autocentrum.pl/dane-techniczne/volkswagen/polo/vi/;
Volkswagen;Polo;коробка+;V (2009–2017);Polo V;бензин 1.2 110 KM;TSI BlueMotion Technology;механика 6 / передний;;Hatchback 3d Facelifting, Hatchback 5d Facelifting;коробка не указана;https://www.autocentrum.pl/dane-techniczne/volkswagen/polo/v/hatchback-3d-facelifting/silnik-benzynowy-1.2-tsi-bluemotion-technology-110km-2014-2017/;
Volkswagen;T6 (Multivan, Transporter);годы;T5 (2003–2015);T5 Transporter, T5 Multivan;рестайлинг 2009 / у нас рестайлинг без года;;;;;;https://www.autocentrum.pl/dane-techniczne/volkswagen/caravelle/t5/;
Volkswagen;T6 (Multivan, Transporter);коробка+;T5 (2003–2015);T5 Transporter, T5 Multivan;дизель 2.0 140 KM;TDI;механика 6 / полный;;California, Caravelle Facelifting długi rozstaw osi, Caravelle Facelifting krótki rozstaw osi, Multivan Facelifting długi rozstaw osi, Multivan Facelifting krótki rozstaw osi, Transporter Skrzyniowy Facelifting pojedyncza kabina krótki rozstaw osi, Transporter Skrzyniowy Facelifting pojedyncza kabina długi rozstaw osi, Transporter Podwozie Facelifting pojedyncza kabina krótki rozstaw osi, Transporter Podwozie Facelifting pojedyncza kabina długi rozstaw osi, Transporter Skrzyniowy Facelifting podwójna kabina długi rozstaw osi, Transporter Podwozie Facelifting podwójna kabina długi rozstaw osi;коробка не указана;https://www.autocentrum.pl/dane-techniczne/volkswagen/caravelle/t5/california/silnik-diesla-2.0-tdi-140km-2011-2015/;
Volkswagen;Tiguan;коробка+;I (2007–2016);Tiguan I;бензин 1.4 150 KM;TSI BlueMotion Technology;"механика 6 / передний; автомат 6 / передний";;SUV Facelifting;коробка не указана;https://www.autocentrum.pl/dane-techniczne/volkswagen/tiguan/i/suv-facelifting/silnik-benzynowy-1.4-tsi-bluemotion-technology-150km-2015-2016/;
Volkswagen;Tiguan;коробка+;I (2007–2016);Tiguan I;бензин 2.0 180 KM;TSI;механика 6 / полный;;SUV Facelifting;коробка не указана;https://www.autocentrum.pl/dane-techniczne/volkswagen/tiguan/i/suv-facelifting/silnik-benzynowy-2.0-tsi-180km-2011-2016/;
Volkswagen;Touran;коробка+;I (2003–2010);Touran I;дизель 1.9 105 KM;TDI / TDI DPF;"механика 6 / передний; автомат / передний";;I;коробка не указана;https://www.autocentrum.pl/dane-techniczne/volkswagen/touran/i/silnik-diesla-1.9-tdi-105km-2003-2010/;
Volkswagen;Touran;коробка+;I (2003–2010);Touran I;дизель 2.0 170 KM;TDI;механика 6 / передний;;I;коробка не указана;https://www.autocentrum.pl/dane-techniczne/volkswagen/touran/i/silnik-diesla-2.0-tdi-170km-2004-2010/;
