Марка;Модель;Поколение;Этап;Годы;Линейки;Спорт;Спецсерии и пакеты;Статус;Примечание;Источники
Audi;A3;8Y;весь выпуск;2020–н. в.;Basis, advanced, S line;S3, RS 3;edition one;проверено;после рестайлинга 2024 линейки те же;https://de.wikipedia.org/wiki/Audi_A3_8Y
Audi;A3;8V;рестайлинг;2016–2020;Basis, sport, design;S3, RS 3;S line (пакет), Advance, Pro Line, Pro Line S (Бенилюкс);проверено;с рестайлинга 2016 Attraction/Ambition/Ambiente заменены на sport/design;https://de.wikipedia.org/wiki/Audi_A3_8V https://www.ultimatespecs.com/car-specs/Audi-models/Audi-A3
Audi;A3;8V;дорестайлинг;2012–2016;Attraction, Ambition, Ambiente;S3, RS 3;S line (пакет);проверено;;https://pl.wikipedia.org/wiki/Audi_A3 https://de.wikipedia.org/wiki/Audi_A3_8V
Audi;A3;8P;весь выпуск;2003–2013;Attraction, Ambition, Ambiente;S3, RS 3;S line (только с Ambition);проверено;;https://de.wikipedia.org/wiki/Audi_A3_8P
Audi;A4;B9;рестайлинг;2019–2024;Basis, advanced, S line;S4, RS 4;Business Edition (PL), allroad quattro;частично проверено;названия линеек после рестайлинга 2019 — как у A6 C8 и Q5 FY;https://de.wikipedia.org/wiki/Audi_A4_B9 https://www.audi.pl/pl/business-edition/
Audi;A4;B9;дорестайлинг;2015–2019;Basis, sport, design;S4, RS 4;S line (пакет), allroad quattro;проверено;включая обновление 2018–2019;https://de.wikipedia.org/wiki/Audi_A4_B9
Audi;A4;B8;весь выпуск;2007–2015;Attraction, Ambition, Ambiente;S4, RS 4;S line (пакет), allroad quattro;проверено;;https://de.wikipedia.org/wiki/Audi_A4_B8
Audi;A5;B10;дорестайлинг;2024–н. в.;Basis, advanced, S line;S5;edition one;проверено;новая A5 заменила A4 (седан = A5 Limousine, универсал = A5 Avant);https://de.wikipedia.org/wiki/Audi_A5_B10
Audi;A5;F5;рестайлинг;2020–2024;Basis, advanced, S line;S5, RS 5;design selection;проверено;;https://de.motor1.com/news/369291/audi-a5-facelift-2020/
Audi;A5;F5;дорестайлинг;2016–2020;Basis, sport, design;S5, RS 5;S line (пакет), Audi design selection;проверено;;https://www.autobild.de/artikel/audi-a5-sportback-f5-gebrauchtwagen-test-23582547.html
Audi;A5;8T;весь выпуск;2007–2016;Basis;S5, RS 5;S line (пакет);частично проверено;отдельных линеек в DE нет, только пакеты;https://de.wikipedia.org/wiki/Audi_A5_8T
Audi;A6;C9;дорестайлинг;2025–н. в.;Basis, advanced, S line;S6;edition one;проверено;;https://www.adac.de/rund-ums-fahrzeug/autokatalog/marken-modelle/audi/audi-a6-c9-test/
Audi;A6;C8;рестайлинг;2023–2025;Basis, advanced, S line;S6, RS 6;Business Edition (PL), allroad quattro;проверено;;https://de.motor1.com/news/669693/audi-a6-a7-modelljahr-2024/ https://www.audi.pl/pl/business-edition/
Audi;A6;C8;дорестайлинг;2018–2023;Basis, sport, design;S6, RS 6;S line (пакет), design selection, allroad quattro;проверено;;https://www.autorevue.at/autowelt/audi-a6-limousine-avant-kaufberatung
Audi;A6;C7;весь выпуск;2011–2018;Basis;S6, RS 6;S line (пакет), allroad quattro;частично проверено;линеек нет, только пакеты;https://de.wikipedia.org/wiki/Audi_A6_C7
Audi;A6;C6;весь выпуск;2004–2011;Basis;S6, RS 6;S line (пакет), allroad quattro;частично проверено;линеек нет, только пакеты;https://de.wikipedia.org/wiki/Audi_A6_C6
Audi;Q3;FJ;дорестайлинг;2025–н. в.;Basis, advanced, S line;;Sportback (кузов);проверено;;https://de.motor1.com/news/762262/audi-q3-suv-2025-neuvorstellung/
Audi;Q3;F3;весь выпуск;2018–2025;Q3, advanced, S line;RS Q3;Business Edition (PL), Sportback (кузов);проверено;;https://de.wikipedia.org/wiki/Audi_Q3_F3 https://www.audi.pl/pl/business-edition/
Audi;Q3;8U;весь выпуск;2011–2018;Attraction, Ambition, Ambiente, design (с 2015), sport (с 2015);RS Q3;S line (пакет), Advance (Бенилюкс);частично проверено;"по названиям версий ultimatespecs; design/sport — после рестайлинга 2015";https://www.ultimatespecs.com/car-specs/Audi-models/Audi-Q3
Audi;Q5;GU;дорестайлинг;2024–н. в.;Basis, Advanced, S line;SQ5;edition one;проверено;;https://de.wikipedia.org/wiki/Audi_Q5_GU
Audi;Q5;FY;рестайлинг;2020–2024;Basis, advanced, S line;SQ5;Business Edition (PL), Sportback (кузов);проверено;;https://www.audi.pl/pl/business-edition/
Audi;Q5;FY;дорестайлинг;2017–2020;Basis, sport, design;SQ5;S line (пакет);проверено;;https://de.driven-autowelt.com/audi/q5/2017-2018-preis-sport-design/
Audi;Q5;8R;весь выпуск;2008–2017;Attraction, Ambition, Ambiente;SQ5;S line (пакет), Advance (Бенилюкс);частично проверено;по названиям версий ultimatespecs;https://www.ultimatespecs.com/car-specs/Audi-models/Audi-Q5
Audi;Q7;Q7 III;дорестайлинг;2026–н. в.;;SQ7;;проверить;нет данных;
Audi;Q7;4M;весь выпуск;2015–2025;Basis, design, sport, S line;SQ7;Business Edition (PL, S line);частично проверено;design/sport — до рестайлинга 2019 (названия версий ultimatespecs);https://audi-mediacenter.pl/komunikat,47749,kultowe-audi-q5-i-audi-q7-w-ofercie-specjalnej-audi-business-edition.html https://www.ultimatespecs.com/car-specs/Audi-models/Audi-Q7
Audi;Q7;4L;весь выпуск;2005–2015;Ambiente, Ambition;V12 TDI;S line (пакет), Advance (Бенилюкс);частично проверено;по названиям версий ultimatespecs;https://www.ultimatespecs.com/car-specs/Audi-models/Audi-Q7
BMW;Seria 1;F70;дорестайлинг;2024–н. в.;Basis, M Sport, M Sport Pro;M135 xDrive;M Sport Design (пакет);проверено;;https://www.bimmertoday.de/2024/06/05/bmw-1er-2024-alle-bilder-und-infos-zum-neuen-1er-m135-f70/
BMW;Seria 1;F40;весь выпуск;2019–2024;Advantage, Sport Line, Luxury Line, M Sport;128ti, M135i xDrive;;проверено;;https://de.wikipedia.org/wiki/BMW_F40
BMW;Seria 1;F20/F21;весь выпуск;2011–2019;Basis, Sport Line, Urban Line, M Sport, Advantage (с 2015);M135i, M140i;Edition Sport, Edition M Sport Shadow;частично проверено;M Sport с 2012, Advantage с рестайлинга 2015;https://de.wikipedia.org/wiki/BMW_F20 https://pl.wikipedia.org/wiki/BMW_serii_1
BMW;Seria 1;E81/E87;весь выпуск;2004–2013;Basis;130i, 135i, 1er M Coupé;M Sportpaket, Edition Sport, Edition Lifestyle;частично проверено;линеек нет: базовая + пакеты/спецсерии;https://www.bimmertoday.de/2010/01/17/sport-lifestyle-exclusive-drei-editionsmodelle-fur-die-3er-reihe/
BMW;Seria 3;G20;рестайлинг;2022–н. в.;Basis, M Sport, M Sport Pro;M340i, M340d, M3;;проверено;Sport Line и Luxury Line убраны;https://de.wikipedia.org/wiki/BMW_G20
BMW;Seria 3;G20;дорестайлинг;2019–2022;Advantage, Sport Line, Luxury Line, M Sport;M340i, M340d, M3;;проверено;;https://pl.wikipedia.org/wiki/BMW_serii_3 https://de.wikipedia.org/wiki/BMW_G20
BMW;Seria 3;F30;весь выпуск;2012–2019;Basis, Advantage, Sport Line, Modern Line, Luxury Line, M Sport;335i, 340i, M3;Edition Sport Line Shadow, Edition M Sport Shadow;проверено;одинаково до и после рестайлинга 2015 (Modern Line до 2016);https://pl.wikipedia.org/wiki/BMW_serii_3 https://de.wikipedia.org/wiki/BMW_F30
BMW;Seria 3;E90;весь выпуск;2005–2012;Basis;335i, 335d, M3;M Sportpaket, Edition Sport, Edition Lifestyle, Edition Exclusive;проверено;линеек нет: базовая + пакеты/спецсерии 2010;https://www.bimmertoday.de/2010/01/17/sport-lifestyle-exclusive-drei-editionsmodelle-fur-die-3er-reihe/
BMW;Seria 4;G22;весь выпуск;2020–н. в.;Basis, M Sport, M Sport Pro;M440i, M440d, M4;;частично проверено;;https://www.press.bmwgroup.com/deutschland/article/detail/T0461142DE/bmw-modellpflege-massnahmen-zum-herbst-2026
BMW;Seria 4;F32;весь выпуск;2013–2020;Advantage, Sport Line, Modern Line, Luxury Line, M Sport;435i, 440i, M4;;проверено;;https://www.mobile.de/auto/bmw/4er/2013/coupe/modell/ https://de.wikipedia.org/wiki/BMW_F32
BMW;Seria 5;G60;дорестайлинг;2023–н. в.;Basis, M Sport, M Sport Pro;M5, i5 M60;;проверено;;https://www.7-forum.com/news/BMW-5er-Limousine-(G60-ab-2023)-Innenrau-10975.html
BMW;Seria 5;G30;рестайлинг;2020–2023;Basis, Luxury Line, M Sport;M550i, M5;Edition M Sport;проверено;Sport Line после рестайлинга убрана;https://www.bimmertoday.de/2020/05/27/bmw-5er-facelift-2020-alle-bilder-und-infos-zum-g30-lci/
BMW;Seria 5;G30;дорестайлинг;2017–2020;Sport Line, Luxury Line, M Sport;M550i, M550d, M5;;проверено;;https://www.bmwblog.com/2016/10/14/lines-packages-new-bmw-5-series/
BMW;Seria 5;F10;весь выпуск;2010–2017;Basis, Modern Line, Luxury Line, Sport Line, M Sport;550i, M550d, M5;;частично проверено;Sport Line с 2013;https://f10.bimmerpost.com/forums/showthread/1399336/confused-by-the-lines?p=21897377
BMW;Seria 5;E60;весь выпуск;2003–2010;Basis;550i, M5;M Sportpaket, Edition Sport, Edition Lifestyle;проверить;линеек нет: базовая + пакеты;
BMW;X1;U11;дорестайлинг;2022–н. в.;Basis, xLine, M Sport;M35i xDrive;;проверено;;https://de.wikipedia.org/wiki/BMW_U11
BMW;X1;F48;весь выпуск;2015–2022;Advantage, Sport Line, xLine, M Sport;;;проверено;;https://www.mobile.de/magazin/artikel/bmw-x1-f48-kaufberatung-35646
BMW;X1;E84;весь выпуск;2009–2015;Basis, xLine, Sport Line, M Sport;;;частично проверено;линии с рестайлинга 2012;https://e84.xbimmers.com/forums/showthread.php?t=775070
BMW;X3;G45;дорестайлинг;2024–н. в.;Basis, xLine, M Sport, M Sport Pro;M50 xDrive;;проверено;;https://www.bmw.pl/pl/all-models/x-series/x3/bmw-x3.html
BMW;X3;G01;весь выпуск;2017–2024;Advantage, xLine, Luxury Line, M Sport;M40i, M40d, X3 M;;проверено;;https://www.angurten.de/is/ausstattung/1732-971-X3+2017-xLine
BMW;X3;F25;весь выпуск;2010–2017;Basis, Advantage, xLine, M Sport;xDrive35d;;проверено;xLine и M Sport — с рестайлинга 2014;https://www.press.bmwgroup.com/deutschland/photo/detail/P90142837/der-neue-bmw-x3-mit-xline-ausstattungspaket-02-2014 https://www.bimmertoday.de/2014/02/07/2014-bmw-x3-m-sportpaket-f25-lci-facelift-m-paket/
BMW;X3;E83;весь выпуск;2003–2010;Basis;3.0sd;M Sportpaket;проверить;;
BMW;X5;G05;весь выпуск;2018–н. в.;Basis, xLine, M Sport, M Sport Pro (рестайлинг);M50i, M50d, M60i, X5 M;;частично проверено;M Sport Pro — по знанию;https://www.7-forum.com/news/Der-neue-BMW-X5-Innenraum-Ausstattung-8484.html
BMW;X5;F15;весь выпуск;2013–2018;Basis, Design Pure Experience, Design Pure Excellence, M Sport;M50d, X5 M;;проверено;;https://www.bimmertoday.de/2013/05/31/2013-bmw-x5-f15-schluessel-m-sportpaket-design-pure-excellence-experience/
BMW;X5;E70;весь выпуск;2006–2013;Basis;M50d, X5 M;M Sportpaket;частично проверено;линеек нет: базовая + пакеты;https://www.7-forum.com/news/2010/X5_LCI/steckbrief.php
Ford;C-Max;Mk2;весь выпуск;2010–2019;Ambiente, Trend, Titanium;;Edition, Business Edition, Grand C-Max (кузов);проверено;;https://pl.wikipedia.org/wiki/Ford_C-Max https://de.wikipedia.org/wiki/Ford_C-MAX
Ford;C-Max;Mk1;весь выпуск;2003–2010;Ambiente, Trend, Ghia, Titanium;;Style, Fun X;проверено;;https://pl.wikipedia.org/wiki/Ford_C-Max https://de.wikipedia.org/wiki/Ford_C-MAX
Ford;Fiesta;Mk8;весь выпуск;2017–2023;Trend, Titanium, ST-Line, ST-Line X, Active, Vignale;ST;Cool & Connect;проверено;;https://pl.wikipedia.org/wiki/Ford_Fiesta
Ford;Fiesta;Mk7;весь выпуск;2008–2017;Ambiente, Trend, Ghia, Sport, Titanium;ST, ST200;Titanium Individual;проверено;;https://pl.wikipedia.org/wiki/Ford_Fiesta
Ford;Focus;Mk4;весь выпуск;2018–2025;Trend, Titanium, Titanium X, ST-Line, ST-Line X, Active, Active X, Vignale;ST;Cool & Connect;проверено;;https://pl.wikipedia.org/wiki/Ford_Focus https://de.wikipedia.org/wiki/Ford_Focus
Ford;Focus;Mk3;весь выпуск;2010–2018;Ambiente, Trend, Titanium, Trend Sport, ST-Line (с 2016);ST, RS;Edition, SYNC Edition, Business, Champions Edition;проверено;;https://pl.wikipedia.org/wiki/Ford_Focus https://de.wikipedia.org/wiki/Ford_Focus
Ford;Focus;Mk2;весь выпуск;2004–2010;Ambiente, Trend, Ghia, Titanium, Sport;ST, RS;Style, Fun X;проверено;;https://pl.wikipedia.org/wiki/Ford_Focus https://de.wikipedia.org/wiki/Ford_Focus
Ford;Kuga;Mk3;весь выпуск;2019–н. в.;Trend, Titanium, Titanium X, ST-Line, ST-Line X, Vignale, Active (рестайлинг);;Cool & Connect;частично проверено;;https://pl.wikipedia.org/wiki/Ford_Kuga https://de.wikipedia.org/wiki/Ford_Kuga
Ford;Kuga;Mk2;весь выпуск;2012–2019;Trend, Titanium, Titanium Plus, ST-Line (с 2016), Vignale (с 2016);;Cool & Connect, Black & Silver;проверено;;https://pl.wikipedia.org/wiki/Ford_Kuga https://de.wikipedia.org/wiki/Ford_Kuga
Ford;Kuga;Mk1;весь выпуск;2008–2012;Trend, Titanium, Titanium S;;Individual;проверено;;https://pl.wikipedia.org/wiki/Ford_Kuga https://de.wikipedia.org/wiki/Ford_Kuga
Ford;Mondeo;Mk5;весь выпуск;2014–2022;Ambiente, Trend, Titanium, ST-Line, Vignale;;Edition, Gold Edition, Silver X, Gold X, Business Edition;проверено;;https://pl.wikipedia.org/wiki/Ford_Mondeo
Ford;Mondeo;Mk4;весь выпуск;2007–2014;Ambiente, Trend, Ghia, Ghia X, Titanium, Titanium X, Titanium S;;Business Edition, Champions Edition;проверено;;https://pl.wikipedia.org/wiki/Ford_Mondeo
Ford;S-Max;Mk2;весь выпуск;2015–2023;Trend, Titanium, ST-Line, Vignale;;;проверено;;https://moto.infor.pl/testy-aut/poradniki-kupujacego/277285,Ford-SMax-jakiego-wybrac-Poradnik-kupujacego.html
Ford;S-Max;Mk1;весь выпуск;2006–2015;Ambiente, Trend, Titanium, Titanium S, Titanium X;;Gold X;проверено;;https://pl.wikipedia.org/wiki/Ford_S-Max
Mercedes-Benz;Klasa A;W177;рестайлинг;2022–н. в.;Style, Progressive, AMG Line;A 35 AMG, A 45 S AMG;Advanced / Premium (пакеты);частично проверено;;https://www.mercedes-fans.de/magazin/sternstunde/die-neue-a-klasse-limousine-kompakte-premium-limousine.13475
Mercedes-Benz;Klasa A;W177;дорестайлинг;2018–2022;Basis, Style, Progressive, AMG Line;A 35 AMG, A 45 AMG;Edition 1;проверено;;https://pl.wikipedia.org/wiki/Mercedes-Benz_klasy_A https://de.wikipedia.org/wiki/Mercedes-Benz_Baureihe_177
Mercedes-Benz;Klasa A;W176;весь выпуск;2012–2018;Basis, Style, Urban, AMG Line (до 05.2013 AMG Sport);A 250 Sport, A 45 AMG;Edition 1, Motorsport Edition;проверено;;https://pl.wikipedia.org/wiki/Mercedes-Benz_klasy_A https://de.wikipedia.org/wiki/Mercedes-Benz_W_176
Mercedes-Benz;Klasa A;W169;весь выпуск;2004–2012;Classic, Elegance, Avantgarde;;;проверено;;https://pl.wikipedia.org/wiki/Mercedes-Benz_klasy_A https://de.wikipedia.org/wiki/Mercedes-Benz_Baureihe_169
Mercedes-Benz;Klasa C;W206;дорестайлинг;2021–н. в.;Basis, Avantgarde, AMG Line, AMG Line Plus;C 43 AMG, C 63 S E Performance;;проверено;;https://de.wikipedia.org/wiki/Mercedes-Benz_Baureihe_206
Mercedes-Benz;Klasa C;W205;весь выпуск;2014–2021;Basis, Avantgarde, Exclusive, AMG Line;C 43 AMG, C 63 AMG;Night-Paket;проверено;одинаково до и после рестайлинга 2018;https://pl.wikipedia.org/wiki/Mercedes-Benz_klasy_C https://de.wikipedia.org/wiki/Mercedes-Benz_Baureihe_205
Mercedes-Benz;Klasa C;W204;весь выпуск;2007–2014;Classic, Elegance, Avantgarde;C 63 AMG;AMG Sportpaket, Edition C;проверено;;https://de.wikipedia.org/wiki/Mercedes-Benz_Baureihe_204
Mercedes-Benz;Klasa E;W214;дорестайлинг;2023–н. в.;Avantgarde, Exclusive, AMG Line;E 53 AMG;;проверено;;https://de.wikipedia.org/wiki/Mercedes-Benz_Baureihe_214
Mercedes-Benz;Klasa E;W213;весь выпуск;2016–2023;Basis, Avantgarde, Exclusive, AMG Line;E 43 AMG, E 53 AMG, E 63 AMG;All-Terrain (кузов);проверено;одинаково до и после рестайлинга 2020;https://www.auto-motor-und-sport.de/news/mercedes-e-klasse-w213-2016-infos-preise-daten/
Mercedes-Benz;Klasa E;W212;весь выпуск;2009–2016;Basis (Classic), Elegance, Avantgarde;E 63 AMG;AMG Sportpaket, Exclusiv-Paket;проверено;;https://de.wikipedia.org/wiki/Mercedes-Benz_Baureihe_212
Mercedes-Benz;Klasa S;W223;весь выпуск;2020–н. в.;Basis, AMG Line, AMG Line Premium, AMG Line Premium Plus, Executive;S 63 E Performance, Maybach;;частично проверено;названия из польской гаммы;https://pl.wikipedia.org/wiki/Mercedes-Benz_klasy_S
Mercedes-Benz;Klasa S;W222;весь выпуск;2013–2020;Basis, AMG Line, AMG Line Plus (с 2017);S 63 AMG, S 65 AMG, Maybach;Exclusiv-Paket;проверено;;https://mbpassion.de/2017/05/blick-auf-das-amg-line-plus-paket-der-s-klasse/
Mercedes-Benz;Klasa S;W221;весь выпуск;2005–2013;Basis;S 63 AMG, S 65 AMG;AMG Sportpaket;проверить;линеек нет;
Mercedes-Benz;CLA;C178;дорестайлинг;2025–н. в.;Progressive, AMG Line, AMG Line Plus;;Advanced, Advanced Plus, Premium, Premium Plus (пакеты);частично проверено;;https://pl.wikipedia.org/wiki/Mercedes-Benz_CLA
Mercedes-Benz;CLA;C118;весь выпуск;2019–2025;Basis, Progressive, AMG Line;CLA 35 AMG, CLA 45 S AMG;Edition 1, Edition 2020, Shooting Brake (кузов);проверено;;https://mbpassion.de/2019/03/blick-auf-den-cla-in-der-progressive-line-der-baureihe-c118/ https://mbpassion.de/2023/01/so-sieht-die-cla-modellpflege-aus-alle-infos-details/
Mercedes-Benz;CLA;C117;весь выпуск;2013–2019;Basis, Urban, AMG Line;CLA 250 Sport, CLA 45 AMG;Edition 1, Shooting Brake (кузов);проверено;;https://pl.wikipedia.org/wiki/Mercedes-Benz_CLA https://de.wikipedia.org/wiki/Mercedes-Benz_Baureihe_117
Mercedes-Benz;GLC;X540 (электро);дорестайлинг;2026–н. в.;;;;проверить;нет данных;
Mercedes-Benz;GLC;X254;весь выпуск;2022–н. в.;Avantgarde, AMG Line;GLC 43 AMG, GLC 63 S E Performance;Night-Paket, Coupé (кузов);проверено;;https://media.daimler.com/marsMediaSite/en/instance/ko/Mercedes-Benz-GLC---The-full-spectrum-model-range-and-equipment.xhtml?oid=9905372
Mercedes-Benz;GLC;X253;весь выпуск;2015–2022;Basis, Exclusive, AMG Line, Offroad;GLC 43 AMG, GLC 63 AMG;Night-Paket, Coupé (кузов);проверено;;https://mbpassion.de/2015/06/details-zu-den-modellprogramm-des-glc-x156/
Mercedes-Benz;GLE;V167;весь выпуск;2018–н. в.;Basis, AMG Line;GLE 53 AMG, GLE 63 AMG;Coupé (кузов), Night-Paket;проверено;;https://mbpassion.de/2018/12/blick-auf-die-amg-line-des-neuen-gle-im-detail-v167/
Mercedes-Benz;GLE;W166;весь выпуск;2015–2019;Basis, AMG Line, Exclusive (интерьер);GLE 43 AMG, GLE 63 AMG;Coupé (кузов C292);проверено;до 2015 — M-Klasse (ML);https://www.mercedes-fans.de/load/file/38145/5312964/preisliste-gle-150423.pdf
Peugeot;208;208 II;весь выпуск;2019–н. в.;Like, Active, Allure, GT Line, GT;;Active Pack, Allure Pack, GT Pack;проверено;после рестайлинга 2023 — Active, Allure, GT;https://pl.wikipedia.org/wiki/Peugeot_208 https://de.wikipedia.org/wiki/Peugeot_208_II
Peugeot;208;208 I;весь выпуск;2012–2019;Access, Like, Active, Style, Allure, GT Line;GTi;XY, Feline, Roland Garros;проверено;;https://pl.wikipedia.org/wiki/Peugeot_208 https://de.wikipedia.org/wiki/Peugeot_208_I https://www.ultimatespecs.com/car-specs/Peugeot-models/Peugeot-208
Peugeot;308;308 III;весь выпуск;2021–н. в.;Active, Allure, GT, Style (с 2025), GT Exclusive (с 2025);;Active Pack, Allure Pack, GT Pack, Business;проверено;;https://www.media.stellantis.com/pl-pl/peugeot/press/nowy-peugeot-308-i-peugeot-308-sw-stworzony-z-mysla-o-przyjemnosci-1
Peugeot;308;308 II;весь выпуск;2013–2021;Access, Active, Style, Allure, GT Line;GT, GTi;;проверено;;https://de.wikipedia.org/wiki/Peugeot_308_II https://www.ultimatespecs.com/car-specs/Peugeot-models/Peugeot-308
Peugeot;308;308 I;весь выпуск;2007–2013;Access, Active, Allure;;Confort, Premium, Sport (PL, до 2011), Filou, Tendance, Premium (DE, до 2011);проверено;Access/Active/Allure — с рестайлинга 2011;https://de.wikipedia.org/wiki/Peugeot_308_I https://www.ultimatespecs.com/car-specs/Peugeot-models/Peugeot-308
Peugeot;508;508 II;весь выпуск;2018–2025;Active, Allure, GT Line, GT;PSE (Peugeot Sport Engineered);;проверено;;https://autoblog.spidersweb.pl/peugeot-508-ceny-polska
Peugeot;508;508 I;весь выпуск;2010–2018;Access, Active, Style, Allure, GT Line, GT;;Business, RXH (кузов);проверено;;https://de.wikipedia.org/wiki/Peugeot_508_I https://www.ultimatespecs.com/car-specs/Peugeot-models/Peugeot-508
Peugeot;2008;2008 II;весь выпуск;2019–н. в.;Active, Allure, GT Line, GT;;Active Pack, Allure Pack;проверено;после рестайлинга 2023 — Active, Allure, GT;https://pl.wikipedia.org/wiki/Peugeot_2008
Peugeot;2008;2008 I;весь выпуск;2013–2019;Access, Active, Style, Allure, GT Line;;Urban Cross, Feline;проверено;;https://pl.wikipedia.org/wiki/Peugeot_2008 https://de.wikipedia.org/wiki/Peugeot_2008_I
Peugeot;3008;3008 III;дорестайлинг;2023–н. в.;Allure, GT, Allure Plus (с 2026), GT Plus (с 2026);;Business;проверено;;https://autogaleria.pl/peugeot-3008-2024-cennik-wersje-wyposazenie
Peugeot;3008;3008 II;весь выпуск;2016–2024;Access, Active, Allure, GT Line, GT;;Active Pack, Allure Pack, GT Pack, Road Trip;проверено;;https://autokult.pl/peugeot-3008-i-5008-po-liftingu-polskie-ceny-modeli,6809443123103873a
Peugeot;3008;3008 I;весь выпуск;2009–2016;Access, Active, Allure, Business Line, Premium, Sport, Style;;;проверено;Premium/Sport/Style — польская гамма до рестайлинга 2013;https://de.wikipedia.org/wiki/Peugeot_3008 https://www.ultimatespecs.com/car-specs/Peugeot-models/Peugeot-3008
Peugeot;5008;5008 III;дорестайлинг;2024–н. в.;Allure, GT, Allure Plus (с 2026), GT Plus (с 2026);;Business;проверено;;https://francuskie.pl/peugeot-5008-drozszy-4-950-zl-cennik-znika-wersja/
Peugeot;5008;5008 II;весь выпуск;2017–2024;Active, Allure, GT Line, GT;;Road Trip, Allure Pack;проверено;;https://autokult.pl/peugeot-3008-i-5008-po-liftingu-polskie-ceny-modeli,6809443123103873a
Peugeot;5008;5008 I;весь выпуск;2009–2017;Access, Active, Allure, Trendy (PL), Premium (PL), Sport, Style;;Family (PL), Business;проверено;;https://pl.wikipedia.org/wiki/Peugeot_5008 https://www.ultimatespecs.com/car-specs/Peugeot-models/Peugeot-5008
Renault;Captur;Captur II;рестайлинг;2024–н. в.;evolution, techno, esprit Alpine;;E-Tech (гибрид);проверено;;https://www.caradisiac.com/prix-renault-captur-2024-le-suv-restyle-debarque-a-partir-de-24-900-eur-208194.htm
Renault;Captur;Captur II;дорестайлинг;2019–2024;Life, Zen, Intens, R.S. Line, Initiale Paris;;Business, E-Tech (гибрид);проверено;;https://www.largus.fr/actualite-automobile/renault-captur-2021-la-version-rs-line-arrive-au-catalogue-10520393.html
Renault;Captur;Captur I;весь выпуск;2013–2019;Life, Alize, Zen, Intens, Initiale Paris (с 2017);;XMod, Helly Hansen, Red Edition;проверено;;https://pl.wikipedia.org/wiki/Renault_Captur
Renault;Clio;Clio VI;дорестайлинг;2025–н. в.;evolution, techno, esprit Alpine;;;проверено;;https://pl.wikipedia.org/wiki/Renault_Clio
Renault;Clio;Clio V;весь выпуск;2019–2025;Life, Zen, Intens, R.S. Line, Initiale Paris;;Business, Lutecia, E-Tech (гибрид);проверено;после рестайлинга 2023 — evolution, techno, esprit Alpine;https://pl.wikipedia.org/wiki/Renault_Clio https://de.wikipedia.org/wiki/Renault_Clio_V
Renault;Clio;Clio IV;весь выпуск;2012–2019;Authentique / Life, Expression / Zen, Dynamique, Limited, Intens, GT, Initiale Paris;R.S., R.S. Trophy;Graphite, Techno Feel;проверено;;https://pl.wikipedia.org/wiki/Renault_Clio
Renault;Clio;Clio III;весь выпуск;2005–2014;Authentique, Expression, Dynamique, Luxe, Privilège;R.S. 200, Gordini;Night & Day, TomTom Edition;проверено;;https://pl.wikipedia.org/wiki/Renault_Clio https://de.wikipedia.org/wiki/Renault_Clio_III
Renault;Clio;Clio II;весь выпуск;1998–2012;Authentique, Expression, Dynamique;;Storia, Campus;проверено;после 2009 продавался как Clio Storia / Campus;https://pl.wikipedia.org/wiki/Renault_Clio
Renault;Kadjar;Kadjar I;весь выпуск;2015–2022;Life, Zen, Intens, Bose;;Black Edition;проверено;;https://www.auto-swiat.pl/wiadomosci/aktualnosci/renault-kadjar-wjezdza-do-polskich-salonow/p36yjmz
Renault;Megane;Mégane IV;весь выпуск;2016–2024;Life, Zen, Intens, Limited, GT Line, R.S. Line;GT, R.S., R.S. Trophy;Bose, Business;проверено;;https://pl.wikipedia.org/wiki/Renault_Mégane
Renault;Megane;Mégane III;весь выпуск;2008–2016;Authentique, Expression, Dynamique, Privilège, Luxe, Limited, GT Line;GT, R.S.;Bose Edition, TomTom, Night & Day;проверено;;https://pl.wikipedia.org/wiki/Renault_Mégane https://de.wikipedia.org/wiki/Renault_Mégane_III
Renault;Scenic;Scénic V (E-Tech, электро);дорестайлинг;2024–н. в.;evolution, techno, iconic, esprit Alpine;;;проверено;;https://nowyosobowy.pl/strefa-wiedzy/prezentacja-renault-scenic-e-tech-electric-w-polsce-dane-techniczne-wersje-wyposazenie-ceny
Renault;Scenic;Scénic IV;весь выпуск;2016–2022;Life, Zen, Intens, Initiale Paris;;Bose, Black Edition, Grand Scénic (кузов);проверено;;https://pl.wikipedia.org/wiki/Renault_Scénic
Renault;Scenic;Scénic III;весь выпуск;2009–2016;Authentique, Expression, Privilège, Life, Limited;;XMOD, Bose, TomTom, Grand Scénic (кузов);проверено;;https://pl.wikipedia.org/wiki/Renault_Scénic
Renault;Trafic;Trafic III;весь выпуск;2014–н. в.;Pack Clim, Equilibre, SpaceClass;;SpaceClass Escapade, Combi / Passenger (кузов);частично проверено;для пассажирского Trafic;https://www.renault.pl/samochody-osobowe/trafic-combi/wyposazenie.html?gradeCode=ENS_ACLASS00M$SERIESPE3
Skoda;Fabia;Fabia IV;весь выпуск;2021–н. в.;Active, Ambition, Style, Monte Carlo, Essence, Selection, Drive;130 Sport;Edition 130;проверено;Essence/Selection — новая схема с 2024;https://pl.wikipedia.org/wiki/Škoda_Fabia
Skoda;Fabia;Fabia III;весь выпуск;2014–2021;Active, Ambition, Style, Monte Carlo;;Edition, Black Edition;проверено;;https://pl.wikipedia.org/wiki/Škoda_Fabia
Skoda;Fabia;Fabia II;весь выпуск;2007–2014;Classic, Comfort, Ambiente, Elegance, Active Plus, Ambition, Style, Sport, Sportline, Scout, Monte Carlo;RS;Greenline, Monnari;проверено;;https://pl.wikipedia.org/wiki/Škoda_Fabia
Skoda;Kamiq;Kamiq I;рестайлинг;2024–н. в.;Essence, Selection, Monte Carlo;;;проверено;;https://autokatalog.pl/blog/2024/nowa-skoda-kamiq-2024-cena-wersje-wyposazenie
Skoda;Kamiq;Kamiq I;дорестайлинг;2019–2024;Active, Ambition, Style, Monte Carlo;;Scoutline;проверено;;https://www.otomoto.pl/news/skoda-kamiq-uzywana-opinie-test https://de.wikipedia.org/wiki/Škoda_Kamiq
Skoda;Karoq;Karoq I;весь выпуск;2017–н. в.;Active, Ambition, Style, Sportline, Scout;;Business;проверено;после рестайлинга 2022 — Ambition, Style, Sportline (+ Selection с 2024);https://vwzone.pl/skoda-karoq-wersje-wyposazenia-dane-techniczne-silniki/ https://de.wikipedia.org/wiki/Škoda_Karoq
Skoda;Kodiaq;Kodiaq II;дорестайлинг;2024–н. в.;Essence, Selection, Sportline, Laurin & Klement;RS;;проверено;;https://pl.wikipedia.org/wiki/Škoda_Kodiaq
Skoda;Kodiaq;Kodiaq I;весь выпуск;2016–2024;Active, Ambition, Style, Sportline, Scout, Laurin & Klement;RS;Business;проверено;;https://pl.wikipedia.org/wiki/Škoda_Kodiaq https://www.ultimatespecs.com/car-specs/Skoda-models/Skoda-Kodiaq
Skoda;Octavia;Octavia IV;рестайлинг;2024–н. в.;Essence, Selection, Sportline;RS;;проверено;;https://autokatalog.pl/blog/2024/nowa-skoda-octavia-2024-cena-wersje-essence-i-rs
Skoda;Octavia;Octavia IV;дорестайлинг;2020–2024;Active, Ambition, Style, Sportline, Scout, Laurin & Klement;RS;;проверено;;https://pl.wikipedia.org/wiki/Škoda_Octavia https://de.wikipedia.org/wiki/Škoda_Octavia_IV
Skoda;Octavia;Octavia III;весь выпуск;2013–2020;Active, Ambition, Elegance, Style, Laurin & Klement, Scout;RS;Edition, Joy, GreenLine;проверено;;https://pl.wikipedia.org/wiki/Škoda_Octavia https://de.wikipedia.org/wiki/Škoda_Octavia_III
Skoda;Octavia;Octavia II;весь выпуск;2004–2013;Classic, Ambiente, Elegance, Laurin & Klement, Active (с 2011), Ambition (с 2011);RS;Scout, Mint, Edition 100, Executive;проверено;;https://pl.wikipedia.org/wiki/Škoda_Octavia https://de.wikipedia.org/wiki/Škoda_Octavia_II
Skoda;Superb;Superb IV;дорестайлинг;2024–н. в.;Essence, Selection, Laurin & Klement, Sportline;;;проверено;;https://pl.wikipedia.org/wiki/Škoda_Superb
Skoda;Superb;Superb III;весь выпуск;2015–2023;Active, Ambition, Style, Sportline, Laurin & Klement, Scout (с 2019);;iV (плагин-гибрид);проверено;;https://pl.wikipedia.org/wiki/Škoda_Superb https://de.wikipedia.org/wiki/Škoda_Superb_III
Skoda;Superb;Superb II;весь выпуск;2008–2015;Active, Comfort, Ambition, Elegance, Laurin & Klement;;Business, Outdoor, GreenLine, Exclusive;проверено;;https://pl.wikipedia.org/wiki/Škoda_Superb https://de.wikipedia.org/wiki/Škoda_Superb_II
Toyota;Auris;E18;весь выпуск;2012–2018;Life, Active, Premium, Dynamic, Prestige, Selection (с 2017);;Comfort, Edition-S, Executive (DE), Advance, Business (Бенилюкс);проверено;;https://pl.wikipedia.org/wiki/Toyota_Auris https://de.wikipedia.org/wiki/Toyota_Auris
Toyota;Auris;E15;весь выпуск;2006–2012;Terra, Luna, Sol, Premium, Dynamic, Prestige;TS;Active, Advance (Бенилюкс);проверено;;https://pl.wikipedia.org/wiki/Toyota_Auris https://www.ultimatespecs.com/car-specs/Toyota-models/Toyota-Auris
Toyota;Avensis;T27;весь выпуск;2009–2018;Luna, Sol, Sol Plus, Premium, Prestige, Active, Selection (с 2017);;Sprint (2016), Advance, Executive, Business (Бенилюкс);проверено;;https://pl.wikipedia.org/wiki/Toyota_Avensis
Toyota;C-HR;C-HR II;дорестайлинг;2023–н. в.;Comfort, Style, Executive, GR Sport;;Premiere Edition;проверено;;https://www.toyotanews.eu/pl/aktualnosci/2906-item-nowa-toyota-c-hr-od-139-900-zl-szesc-wersji-wyposazenia-do-wyboru
Toyota;C-HR;C-HR I;весь выпуск;2016–2023;Active, Premium, Dynamic, Prestige, Style (рестайлинг), Executive (рестайлинг), GR Sport (с 2021);;Prime Edition;частично проверено;;https://www.auto-swiat.pl/wiadomosci/aktualnosci/toyota-c-hr-w-sprzedazy-znamy-ceny/bg2t4hk
Toyota;Camry;XV70;весь выпуск;2019–2024;Comfort, Prestige, Executive;;Comfort + Business, Executive + VIP;проверено;в ЕС вернулась в 2019;https://spidersweb.pl/autoblog/toyota-camry-w-polsce-ceny-specyfikacja/
Toyota;Camry;XV50 (вне ЕС);весь выпуск;2011–2017;;;;проверено;в ЕС не продавалась;
Toyota;Camry;XV40 (вне ЕС);весь выпуск;2006–2011;;;;проверено;в ЕС не продавалась;
Toyota;Corolla;E21;весь выпуск;2018–н. в.;Active, Comfort, Style, Executive, GR Sport;;TREK, Touring Sports (кузов);проверено;;https://autokatalog.pl/toyota/corolla/xii-e210/wyposazenie https://www.autocentrum.pl/newsy/toyota-corolla-hatchback-wersje-wyposazenia/
Toyota;Corolla;E15;весь выпуск;2006–2013;Terra, Luna, Sol, Premium, Prestige;;;проверено;седан для Европы;https://pl.wikipedia.org/wiki/Toyota_Corolla
Toyota;RAV 4;XA50;весь выпуск;2018–2025;Active, Comfort, Style, Executive, Selection, Adventure, GR Sport;;;проверено;;https://www.autocentrum.pl/newsy/informacje-prasowe/toyota-rav4-wymiary-i-wersje-wyposazenia/
Toyota;RAV 4;XA40;весь выпуск;2012–2018;Active, Premium, Style, Prestige, Selection (с 2017);;Premium Hybrid, Style Hybrid, Prestige Hybrid, Advance, Executive (Бенилюкс);проверено;;https://pl.wikipedia.org/wiki/Toyota_RAV4
Toyota;RAV 4;XA30;весь выпуск;2005–2012;Luna, Sol, Prestige;;Prestige + Navi, Advance, Executive (Бенилюкс);проверено;;https://autokatalog.pl/toyota/rav4/iii
Toyota;Yaris;XP21;весь выпуск;2020–н. в.;Active, Comfort, Style, Executive, GR Sport;GR Yaris;Elegant (DE);частично проверено;польская гамма — по знанию;https://de.wikipedia.org/wiki/Toyota_Yaris_(XP21)
Toyota;Yaris;XP13;весь выпуск;2011–2020;Terra, Luna, Sol, Premium, Prestige, Life (с 2014), Active (с 2014), Dynamic, Style, Selection;GRMN;Cool, Club, Executive (DE), Advance (Бенилюкс);проверено;"до 2014: Terra/Luna/Sol/Premium/Prestige; после 2014 и 2017: Life/Active/Premium/Dynamic/Selection";https://pl.wikipedia.org/wiki/Toyota_Yaris https://de.wikipedia.org/wiki/Toyota_Yaris_(XP13)
Toyota;Yaris;XP9;весь выпуск;2005–2011;Terra, Luna, Sol;TS;;проверено;;https://www.autocentrum.pl/publikacje/testy-aut-uzywanych/japonska-ikona-toyota-yaris-2005-2011/
Volvo;S60;S60 III;весь выпуск;2018–2024;Momentum, Inscription, R-Design, Plus Bright, Plus Dark, Ultimate Bright, Ultimate Dark;Polestar Engineered;;частично проверено;Momentum/Inscription/R-Design до 2021, Plus/Ultimate после;https://pl.wikipedia.org/wiki/Volvo_S60
Volvo;S60;S60 II;весь выпуск;2010–2018;Base, Kinetic, Momentum, Summum, R-Design, Inscription;Polestar;Dynamic Edition, Cross Country;проверено;;https://pl.wikipedia.org/wiki/Volvo_S60 https://de.wikipedia.org/wiki/Volvo_S60
Volvo;S60;S60 I;весь выпуск;2000–2010;Kinetic, Momentum, Summum;S60 R;;частично проверено;;https://pl.wikipedia.org/wiki/Volvo_S60
Volvo;V40;V40 II;весь выпуск;2012–2019;Kinetic, Momentum, Summum, R-Design, Inscription (с 2016);;YOU!, Ocean Race, Cross Country (кузов);проверено;Summum заменена на Inscription в 2016;https://de.wikipedia.org/wiki/Volvo_V40_(2012)
Volvo;V60;V60 II;весь выпуск;2018–н. в.;Momentum, Inscription, R-Design, Essential, Core, Plus Bright, Plus Dark, Ultimate Bright, Ultimate Dark;;Cross Country (кузов);проверено;после рестайлинга — Essential/Core/Plus/Ultimate;https://pl.wikipedia.org/wiki/Volvo_V60
Volvo;V60;V60 I;весь выпуск;2010–2018;Kinetic, Momentum, Summum, R-Design;Polestar;Ocean Race, Business, Cross Country (кузов);проверено;;https://pl.wikipedia.org/wiki/Volvo_V60
Volvo;XC40;XC40 I;весь выпуск;2017–н. в.;Momentum Core, Momentum, Momentum Pro, R-Design, Inscription, Essential, Core, Plus, Ultimate;;First Edition;проверено;с 2022 — Essential/Core/Plus/Ultimate;https://pl.wikipedia.org/wiki/Volvo_XC40 https://de.wikipedia.org/wiki/Volvo_XC40
Volvo;XC60;XC60 II;весь выпуск;2017–н. в.;Momentum, Inscription, R-Design, Core, Plus, Ultimate;Polestar Engineered;;частично проверено;Core/Plus/Ultimate после 2021;https://pl.wikipedia.org/wiki/Volvo_XC60
Volvo;XC60;XC60 I;весь выпуск;2008–2017;Base, Kinetic, Momentum, Summum, R-Design, Inscription;;Ocean Race;проверено;;https://pl.wikipedia.org/wiki/Volvo_XC60
Volvo;XC90;XC90 II;весь выпуск;2014–н. в.;Kinetic, Momentum, Inscription, R-Design, Excellence, Core, Plus, Ultimate;;First Edition;частично проверено;Core/Plus/Ultimate после 2021;https://pl.wikipedia.org/wiki/Volvo_XC90
Volvo;XC90;XC90 I;весь выпуск;2002–2015;Kinetic, Momentum, Summum, Executive, R-Design;;Ocean Race, Signature Edition;проверено;;https://pl.wikipedia.org/wiki/Volvo_XC90
Volkswagen;Golf;Golf VIII;весь выпуск;2019–н. в.;Golf, Life, Style, R-Line;GTI, GTD, GTE, R;;проверено;;https://pl.wikipedia.org/wiki/Volkswagen_Golf
Volkswagen;Golf;Golf VII;весь выпуск;2012–2020;Trendline, Comfortline, Highline, R-Line;GTI, GTD, GTE, R;Cup, United, Join, IQ.DRIVE, Sound, Lounge, Advance, Sport (ES/Бенилюкс);проверено;;https://pl.wikipedia.org/wiki/Volkswagen_Golf https://de.wikipedia.org/wiki/VW_Golf_VII
Volkswagen;Golf;Golf VI;весь выпуск;2008–2013;Trendline, Comfortline, Highline;GTI, GTD, R;Team, Match, Style, Move, Advance, Sport (ES/Бенилюкс);проверено;;https://pl.wikipedia.org/wiki/Volkswagen_Golf https://de.wikipedia.org/wiki/VW_Golf_VI
Volkswagen;Passat;B9;дорестайлинг;2023–н. в.;Passat, Business, Elegance, R-Line;;;проверено;;https://pl.wikipedia.org/wiki/Volkswagen_Passat
Volkswagen;Passat;B8;рестайлинг;2019–2023;Passat, Business, Elegance, R-Line;GTE;Alltrack (кузов);частично проверено;линейки переименованы при рестайлинге;https://de.wikipedia.org/wiki/VW_Passat_B8
Volkswagen;Passat;B8;дорестайлинг;2014–2019;Trendline, Comfortline, Highline, R-Line;GTE;Alltrack (кузов), Advance, Sport (ES/Бенилюкс);проверено;;https://pl.wikipedia.org/wiki/Volkswagen_Passat https://de.wikipedia.org/wiki/VW_Passat_B8
Volkswagen;Passat;B7;весь выпуск;2010–2014;Trendline, Comfortline, Highline, R-Line, Exclusive;;Business Edition, Edition 40, Alltrack (кузов), Advance, Sport (ES/Бенилюкс);проверено;;https://pl.wikipedia.org/wiki/Volkswagen_Passat https://de.wikipedia.org/wiki/VW_Passat_B7
Volkswagen;Passat;B6;весь выпуск;2005–2010;Trendline, Comfortline, Highline, Sportline;R36;R-Line, Advance, Sport (ES/Бенилюкс);проверено;;https://pl.wikipedia.org/wiki/Volkswagen_Passat
Volkswagen;Polo;Polo VI;рестайлинг;2021–н. в.;Polo, Life, Style, R-Line;GTI;;проверено;;https://de.wikipedia.org/wiki/VW_Polo_VI
Volkswagen;Polo;Polo VI;дорестайлинг;2017–2021;Trendline, Comfortline, Highline;GTI;Beats, United, R-Line (пакет);проверено;;https://pl.wikipedia.org/wiki/Volkswagen_Polo
Volkswagen;Polo;Polo V;весь выпуск;2009–2017;Trendline, Comfortline, Highline;GTI, R WRC;Life, Fresh, Match, Lounge, Team, Cross Polo, BlueGT, Advance, Sport (ES/Бенилюкс);проверено;;https://pl.wikipedia.org/wiki/Volkswagen_Polo https://de.wikipedia.org/wiki/VW_Polo_V
Volkswagen;T-Roc;T-Roc I;рестайлинг;2022–2025;T-Roc, Life, Style, R-Line;R;Cabriolet (кузов);проверено;;https://pl.wikipedia.org/wiki/Volkswagen_T-Roc
Volkswagen;T-Roc;T-Roc I;дорестайлинг;2017–2022;T-Roc, Style, Sport;R;R-Line (пакет), Special Edition, Cabriolet (кузов);частично проверено;;https://pl.wikipedia.org/wiki/Volkswagen_T-Roc
Volkswagen;T6 (Multivan, Transporter);T7 Multivan;дорестайлинг;2021–н. в.;Multivan, Life, Style, Energetic;;Edition;проверено;на mobile.de это модель T7;https://pl.wikipedia.org/wiki/Volkswagen_Transporter
Volkswagen;T6 (Multivan, Transporter);T7 Transporter;дорестайлинг;2025–н. в.;;;Kombi, Furgon, PanAmericana;проверить;на mobile.de это модель T7;
Volkswagen;T6 (Multivan, Transporter);T6 / T6.1;весь выпуск;2015–2024;Trendline, Comfortline, Highline;;Business, Generation SIX, Edition 30, PanAmericana, Cruise, California (кузов), Caravelle (кузов);проверено;на mobile.de это модель T6;https://pl.wikipedia.org/wiki/Volkswagen_Transporter
Volkswagen;T6 (Multivan, Transporter);T5;весь выпуск;2009–2015;Startline, Trendline, Comfortline, Highline;;Rockton, Caravelle (кузов), California (кузов);проверено;на mobile.de это модель T5;https://pl.wikipedia.org/wiki/Volkswagen_Transporter
Volkswagen;Tiguan;Tiguan III;дорестайлинг;2024–н. в.;Tiguan, Life, Elegance, R-Line;;;проверено;;https://pl.wikipedia.org/wiki/Volkswagen_Tiguan https://de.wikipedia.org/wiki/VW_Tiguan_III
Volkswagen;Tiguan;Tiguan II;рестайлинг;2020–2024;Tiguan, Life, Elegance, R-Line;Tiguan R;Allspace (кузов);проверено;;https://de.wikipedia.org/wiki/VW_Tiguan_II
Volkswagen;Tiguan;Tiguan II;дорестайлинг;2016–2020;Trendline, Comfortline, Highline, R-Line;;Join, United, Allspace (кузов);проверено;;https://pl.wikipedia.org/wiki/Volkswagen_Tiguan
Volkswagen;Tiguan;Tiguan I;весь выпуск;2007–2016;Trend & Fun, Sport & Style, Track & Field, Track & Style, Trendline (с 2011), Comfortline (с 2011), Highline (с 2011);;Cityline, Perfectline, R-Line, Advance, Sport (ES/Бенилюкс);проверено;;https://pl.wikipedia.org/wiki/Volkswagen_Tiguan https://de.wikipedia.org/wiki/VW_Tiguan_I
Volkswagen;Touran;Touran II;весь выпуск;2015–н. в.;Trendline, Comfortline, Highline;;R-Line, Join, United, Move, Advance, Sport (ES/Бенилюкс);проверено;Trendline снят в DE с 2019;https://pl.wikipedia.org/wiki/Volkswagen_Touran https://de.wikipedia.org/wiki/VW_Touran_II
Volkswagen;Touran;Touran I;весь выпуск;2006–2015;Conceptline, Trendline, Comfortline, Highline;;Cross, United, Freestyle, R-Line, Advance, Sport (ES/Бенилюкс);проверено;;https://pl.wikipedia.org/wiki/Volkswagen_Touran https://de.wikipedia.org/wiki/VW_Touran_I
